Date,KO
2016-01-04,30.9647159576416
2016-01-05,31.074249267578125
2016-01-06,30.90629005432129
2016-01-07,30.395071029663086
2016-01-08,30.314748764038086
2016-01-11,30.36586570739746
2016-01-12,30.760229110717773
2016-01-13,30.56304168701172
2016-01-14,30.58494758605957
2016-01-15,30.307435989379883
2016-01-19,30.614166259765625
2016-01-20,30.219810485839844
2016-01-21,30.22710609436035
2016-01-22,30.716405868530273
2016-01-25,30.789430618286133
2016-01-26,30.73101043701172
2016-01-27,30.73831558227539
2016-01-28,31.088863372802734
2016-01-29,31.344465255737305
2016-02-01,31.402904510498047
2016-02-02,30.993919372558594
2016-02-03,31.198406219482422
2016-02-04,31.059642791748047
2016-02-05,30.993919372558594
2016-02-08,31.147274017333984
2016-02-09,31.62198829650879
2016-02-10,31.074249267578125
2016-02-11,30.972000122070312
2016-02-12,31.48322105407715
2016-02-16,31.665807723999023
2016-02-17,31.7607364654541
2016-02-18,31.84836769104004
2016-02-19,31.9652156829834
2016-02-22,32.08937454223633
2016-02-23,31.90679359436035
2016-02-24,32.067466735839844
2016-02-25,32.25002670288086
2016-02-26,31.50514030456543
2016-02-29,31.497827529907227
2016-03-01,31.90679359436035
2016-03-02,31.9652156829834
2016-03-03,32.10398483276367
2016-03-04,32.213523864746094
2016-03-07,32.14049530029297
2016-03-08,32.36688995361328
2016-03-09,32.724727630615234
2016-03-10,33.03144836425781
2016-03-11,33.26697540283203
2016-03-14,33.33321762084961
2016-03-15,33.29641342163086
2016-03-16,33.156578063964844
2016-03-17,33.68650817871094
2016-03-18,33.56137466430664
2016-03-21,33.61289978027344
2016-03-22,33.48777770996094
2016-03-23,33.45832824707031
2016-03-24,33.546661376953125
2016-03-28,33.70858383178711
2016-03-29,34.209041595458984
2016-03-30,34.282649993896484
2016-03-31,34.14281463623047
2016-04-01,34.46665954589844
2016-04-04,34.51081466674805
2016-04-05,34.24584197998047
2016-04-06,34.37833023071289
2016-04-07,34.1207275390625
2016-04-08,34.496089935302734
2016-04-11,34.17961120605469
2016-04-12,34.334163665771484
2016-04-13,33.88520812988281
2016-04-14,33.73065948486328
2016-04-15,33.929359436035156
2016-04-18,34.01769256591797
2016-04-19,34.29736328125
2016-04-20,32.656105041503906
2016-04-21,32.13353729248047
2016-04-22,32.78123092651367
2016-04-25,32.906349182128906
2016-04-26,32.773868560791016
2016-04-27,32.88425827026367
2016-04-28,32.84745788574219
2016-04-29,32.97257995605469
2016-05-02,33.10507583618164
2016-05-03,33.00201416015625
2016-05-04,33.10507583618164
2016-05-05,33.16394805908203
2016-05-06,33.35529327392578
2016-05-09,33.29641342163086
2016-05-10,33.67177963256836
2016-05-11,33.45832824707031
2016-05-12,33.73065948486328
2016-05-13,33.37738037109375
2016-05-16,33.576087951660156
2016-05-17,32.93578338623047
2016-05-18,32.73705291748047
2016-05-19,32.61930847167969
2016-05-20,32.34698486328125
2016-05-23,32.36170959472656
2016-05-24,32.656105041503906
2016-05-25,32.66345977783203
2016-05-26,32.8916130065918
2016-05-27,32.95785903930664
2016-05-31,32.82537078857422
2016-06-01,32.898990631103516
2016-06-02,32.9136962890625
2016-06-03,33.14921569824219
2016-06-06,33.392093658447266
2016-06-07,33.35529327392578
2016-06-08,33.52458190917969
2016-06-09,33.67912673950195
2016-06-10,33.84841537475586
2016-06-13,33.46275329589844
2016-06-14,33.4034309387207
2016-06-15,33.381187438964844
2016-06-16,33.60368347167969
2016-06-17,33.218021392822266
2016-06-20,33.35893249511719
2016-06-21,33.47016906738281
2016-06-22,33.26992416381836
2016-06-23,33.433101654052734
2016-06-24,32.58020782470703
2016-06-27,32.46895980834961
2016-06-28,32.765621185302734
2016-06-29,32.95843505859375
2016-06-30,33.618492126464844
2016-07-01,33.46275329589844
2016-07-05,33.69267272949219
2016-07-06,33.574005126953125
2016-07-07,33.44051742553711
2016-07-08,33.65557861328125
2016-07-11,33.7964973449707
2016-07-12,33.80392074584961
2016-07-13,33.92257308959961
2016-07-14,33.885498046875
2016-07-15,33.84099578857422
2016-07-18,33.84099578857422
2016-07-19,33.84099578857422
2016-07-20,33.75199508666992
2016-07-21,33.707496643066406
2016-07-22,33.98932647705078
2016-07-25,33.7964973449707
2016-07-26,33.28476333618164
2016-07-27,32.1871452331543
2016-07-28,32.37255859375
2016-07-29,32.35770797729492
2016-08-01,32.22421646118164
2016-08-02,32.28354263305664
2016-08-03,32.36513900756836
2016-08-04,32.268714904785156
2016-08-05,32.2464714050293
2016-08-08,32.216800689697266
2016-08-09,32.23906326293945
2016-08-10,32.34288787841797
2016-08-11,32.44673156738281
2016-08-12,32.65436935424805
2016-08-15,32.81012725830078
2016-08-16,32.506046295166016
2016-08-17,32.67662048339844
2016-08-18,32.70627975463867
2016-08-19,32.57278060913086
2016-08-22,32.43930435180664
2016-08-23,32.5208854675293
2016-08-24,32.5208854675293
2016-08-25,32.38738250732422
2016-08-26,32.127811431884766
2016-08-29,32.29096984863281
2016-08-30,32.068485260009766
2016-08-31,32.209388732910156
2016-09-01,32.150054931640625
2016-09-02,32.37997055053711
2016-09-06,32.47636413574219
2016-09-07,32.36513900756836
2016-09-08,32.35770797729492
2016-09-09,31.34908103942871
2016-09-12,32.031402587890625
2016-09-13,31.61268424987793
2016-09-14,31.485567092895508
2016-09-15,31.672500610351562
2016-09-16,31.50800132751465
2016-09-19,31.478107452392578
2016-09-20,31.657556533813477
2016-09-21,31.799598693847656
2016-09-22,32.121116638183594
2016-09-23,31.956626892089844
2016-09-26,31.440706253051758
2016-09-27,31.844478607177734
2016-09-28,31.515483856201172
2016-09-29,31.425762176513672
2016-09-30,31.64259147644043
2016-10-03,31.425762176513672
2016-10-04,31.28369140625
2016-10-05,31.261274337768555
2016-10-06,31.186498641967773
2016-10-07,31.201448440551758
2016-10-10,31.201448440551758
2016-10-11,31.059383392333984
2016-10-12,31.23883056640625
2016-10-13,31.223875045776367
2016-10-14,31.15658187866211
2016-10-17,31.104249954223633
2016-10-18,31.380889892578125
2016-10-19,31.440706253051758
2016-10-20,31.350982666015625
2016-10-21,31.500530242919922
2016-10-24,31.822038650512695
2016-10-25,31.807092666625977
2016-10-26,31.73231315612793
2016-10-27,31.49305534362793
2016-10-28,31.575298309326172
2016-10-31,31.70241928100586
2016-11-01,31.49305534362793
2016-11-02,31.440706253051758
2016-11-03,31.425762176513672
2016-11-04,31.171531677246094
2016-11-07,31.747257232666016
2016-11-08,32.061302185058594
2016-11-09,31.60519790649414
2016-11-10,30.610767364501953
2016-11-11,30.67806625366211
2016-11-14,30.782743453979492
2016-11-15,30.984615325927734
2016-11-16,30.85002899169922
2016-11-17,30.745349884033203
2016-11-18,30.588333129882812
2016-11-21,30.9248104095459
2016-11-22,30.932289123535156
2016-11-23,30.745349884033203
2016-11-25,31.051912307739258
2016-11-28,31.216398239135742
2016-11-29,31.02789878845215
2016-11-30,30.424678802490234
2016-12-01,30.28896141052246
2016-12-02,30.43222427368164
2016-12-05,30.62826919555664
2016-12-06,30.590566635131836
2016-12-07,31.133453369140625
2016-12-08,30.89971351623535
2016-12-09,31.6688175201416
2016-12-12,31.593420028686523
2016-12-13,31.48784828186035
2016-12-14,31.073144912719727
2016-12-15,31.329505920410156
2016-12-16,31.472766876220703
2016-12-19,31.41998291015625
2016-12-20,31.412452697753906
2016-12-21,31.34459114074707
2016-12-22,31.329505920410156
2016-12-23,31.367202758789062
2016-12-27,31.3747501373291
2016-12-28,31.208858489990234
2016-12-29,31.367202758789062
2016-12-30,31.261646270751953
2017-01-03,31.518007278442383
2017-01-04,31.404911041259766
2017-01-05,31.48031234741211
2017-01-06,31.472766876220703
2017-01-09,31.156078338623047
2017-01-10,30.944957733154297
2017-01-11,30.95249366760254
2017-01-12,30.877094268798828
2017-01-13,30.824310302734375
2017-01-17,31.08067512512207
2017-01-18,31.133453369140625
2017-01-19,31.020357131958008
2017-01-20,31.156078338623047
2017-01-23,31.2390193939209
2017-01-24,31.593420028686523
2017-01-25,31.759296417236328
2017-01-26,31.525545120239258
2017-01-27,31.25411033630371
2017-01-30,31.20132064819336
2017-01-31,31.34459114074707
2017-02-01,31.110837936401367
2017-02-02,31.216394424438477
2017-02-03,31.32196807861328
2017-02-06,31.337047576904297
2017-02-07,31.593420028686523
2017-02-08,31.683895111083984
2017-02-09,31.10329818725586
2017-02-10,30.598102569580078
2017-02-13,30.62826919555664
2017-02-14,30.56040382385254
2017-02-15,30.49254035949707
2017-02-16,31.065601348876953
2017-02-17,31.08822250366211
2017-02-21,31.261646270751953
2017-02-22,31.367202758789062
2017-02-23,31.412452697753906
2017-02-24,31.5029296875
2017-02-27,31.41998291015625
2017-02-28,31.638660430908203
2017-03-01,31.789453506469727
2017-03-02,32.023197174072266
2017-03-03,32.030738830566406
2017-03-06,31.80453872680664
2017-03-07,31.66128158569336
2017-03-08,31.66128158569336
2017-03-09,31.691436767578125
2017-03-10,31.887475967407227
2017-03-13,31.971158981323242
2017-03-14,31.925521850585938
2017-03-15,32.03961181640625
2017-03-16,32.13849639892578
2017-03-17,31.971158981323242
2017-03-20,32.08525466918945
2017-03-21,32.328670501708984
2017-03-22,32.23738098144531
2017-03-23,32.0776481628418
2017-03-24,32.03961181640625
2017-03-27,32.191749572753906
2017-03-28,32.275413513183594
2017-03-29,32.267818450927734
2017-03-30,32.40473175048828
2017-03-31,32.28303527832031
2017-04-03,32.26020812988281
2017-04-04,32.46559524536133
2017-04-05,32.38193130493164
2017-04-06,32.457977294921875
2017-04-07,32.41233825683594
2017-04-10,32.47319793701172
2017-04-11,32.45038604736328
2017-04-12,32.66335678100586
2017-04-13,32.54927444458008
2017-04-17,32.76226043701172
2017-04-18,33.07413101196289
2017-04-19,32.88397216796875
2017-04-20,32.7774658203125
2017-04-21,32.76226043701172
2017-04-24,32.921993255615234
2017-04-25,32.79268264770508
2017-04-26,32.89157485961914
2017-04-27,32.71660614013672
2017-04-28,32.82311248779297
2017-05-01,32.87635803222656
2017-05-02,33.00566482543945
2017-05-03,32.95242691040039
2017-05-04,33.2110481262207
2017-05-05,33.23387908935547
2017-05-08,33.38601303100586
2017-05-09,33.096954345703125
2017-05-10,33.142601013183594
2017-05-11,33.21866226196289
2017-05-12,33.157814025878906
2017-05-15,33.2642936706543
2017-05-16,33.3555908203125
2017-05-17,33.416439056396484
2017-05-18,33.31755447387695
2017-05-19,33.393611907958984
2017-05-22,33.606605529785156
2017-05-23,33.7663459777832
2017-05-24,34.253177642822266
2017-05-25,34.5422248840332
2017-05-26,34.52702331542969
2017-05-30,34.55744934082031
2017-05-31,34.5878791809082
2017-06-01,34.83129119873047
2017-06-02,34.90735626220703
2017-06-05,34.98342514038086
2017-06-06,34.975830078125
2017-06-07,34.61831283569336
2017-06-08,34.32925033569336
2017-06-09,34.473777770996094
2017-06-12,34.481388092041016
2017-06-13,34.535064697265625
2017-06-14,34.74213409423828
2017-06-15,34.703792572021484
2017-06-16,34.74980926513672
2017-06-19,34.803497314453125
2017-06-20,34.979888916015625
2017-06-21,34.6807746887207
2017-06-22,34.56573486328125
2017-06-23,34.703792572021484
2017-06-26,34.84184265136719
2017-06-27,34.55039978027344
2017-06-28,34.75748062133789
2017-06-29,34.38167953491211
2017-06-30,34.39702606201172
2017-07-03,34.3279914855957
2017-07-05,34.37400436401367
2017-07-06,34.05189514160156
2017-07-07,34.044227600097656
2017-07-10,34.03656005859375
2017-07-11,33.99820327758789
2017-07-12,34.136268615722656
2017-07-13,34.07490921020508
2017-07-14,34.26664733886719
2017-07-17,34.30498123168945
2017-07-18,34.258968353271484
2017-07-19,34.38167953491211
2017-07-20,34.37400436401367
2017-07-21,34.535064697265625
2017-07-24,34.38935470581055
2017-07-25,34.696128845214844
2017-07-26,35.07958984375
2017-07-27,35.37102127075195
2017-07-28,35.28665542602539
2017-07-31,35.156288146972656
2017-08-01,35.04891586303711
2017-08-02,34.96455764770508
2017-08-03,35.02590560913086
2017-08-04,34.89552688598633
2017-08-07,35.002899169921875
2017-08-08,34.97222137451172
2017-08-09,34.96455764770508
2017-08-10,35.07958984375
2017-08-11,34.96455764770508
2017-08-14,35.12561798095703
2017-08-15,35.424713134765625
2017-08-16,35.43238830566406
2017-08-17,35.171607971191406
2017-08-18,35.02590560913086
2017-08-21,35.03357696533203
2017-08-22,34.97222137451172
2017-08-23,34.92619705200195
2017-08-24,34.82649230957031
2017-08-25,34.949222564697266
2017-08-28,34.834171295166016
2017-08-29,34.85717010498047
2017-08-30,34.81116485595703
2017-08-31,34.93387985229492
2017-09-01,35.11027908325195
2017-09-05,35.2176399230957
2017-09-06,35.248321533203125
2017-09-07,35.49373245239258
2017-09-08,35.50906753540039
2017-09-11,35.67780303955078
2017-09-12,35.83118438720703
2017-09-13,35.94622802734375
2017-09-14,35.64474868774414
2017-09-15,35.698856353759766
2017-09-18,35.64474868774414
2017-09-19,35.544254302978516
2017-09-20,35.389652252197266
2017-09-21,35.09589385986328
2017-09-22,35.16545486450195
2017-09-25,35.32006072998047
2017-09-26,35.22731399536133
2017-09-27,34.50837707519531
2017-09-28,34.717098236083984
2017-09-29,34.79439926147461
2017-10-02,34.632049560546875
2017-10-03,34.93355178833008
2017-10-04,35.17319107055664
2017-10-05,35.18865203857422
2017-10-06,35.16545486450195
2017-10-09,35.103607177734375
2017-10-10,35.459205627441406
2017-10-11,35.637001037597656
2017-10-12,35.64474868774414
2017-10-13,35.698856353759766
2017-10-16,36.03898239135742
2017-10-17,35.96168899536133
2017-10-18,35.86892318725586
2017-10-19,36.01580047607422
2017-10-20,35.85346984863281
2017-10-23,35.80707931518555
2017-10-24,35.698856353759766
2017-10-25,35.598358154296875
2017-10-26,35.73750686645508
2017-10-27,35.61381530761719
2017-10-30,35.45146560668945
2017-10-31,35.544254302978516
2017-11-01,35.405113220214844
2017-11-02,35.466941833496094
2017-11-03,35.53650665283203
2017-11-06,35.14999771118164
2017-11-07,35.51332092285156
2017-11-08,35.698856353759766
2017-11-09,35.73750686645508
2017-11-10,35.97714614868164
2017-11-13,36.116294860839844
2017-11-14,36.6651496887207
2017-11-15,36.18587112426758
2017-11-16,35.98488235473633
2017-11-17,35.33552932739258
2017-11-20,35.14226150512695
2017-11-21,35.389652252197266
2017-11-22,35.43602752685547
2017-11-24,35.466941833496094
2017-11-27,35.48240280151367
2017-11-28,35.42830276489258
2017-11-29,35.17319107055664
2017-11-30,35.67198181152344
2017-12-01,35.82786178588867
2017-12-04,36.030494689941406
2017-12-05,36.05388641357422
2017-12-06,36.201969146728516
2017-12-07,35.67978286743164
2017-12-08,35.313480377197266
2017-12-11,35.32906723022461
2017-12-12,35.297889709472656
2017-12-13,35.7733154296875
2017-12-14,35.87461853027344
2017-12-15,35.99932098388672
2017-12-18,35.796688079833984
2017-12-19,35.952571868896484
2017-12-20,35.91359329223633
2017-12-21,35.53948974609375
2017-12-22,35.53171157836914
2017-12-26,35.70316696166992
2017-12-27,35.796688079833984
2017-12-28,35.63301467895508
2017-12-29,35.75770568847656
2018-01-02,35.49273681640625
2018-01-03,35.4147834777832
2018-01-04,35.91359329223633
2018-01-05,35.905799865722656
2018-01-08,35.85124588012695
2018-01-09,36.030494689941406
2018-01-10,35.905799865722656
2018-01-11,35.882423400878906
2018-01-12,35.9681510925293
2018-01-16,36.264312744140625
2018-01-17,36.49032211303711
2018-01-18,36.537105560302734
2018-01-19,36.75532150268555
2018-01-22,36.926780700683594
2018-01-23,36.981346130371094
2018-01-24,37.277503967285156
2018-01-25,37.28529357910156
2018-01-26,37.823062896728516
2018-01-29,37.176177978515625
2018-01-30,36.95015335083008
2018-01-31,37.09044647216797
2018-02-01,36.981346130371094
2018-02-02,36.42018127441406
2018-02-05,34.98613739013672
2018-02-06,34.81467056274414
2018-02-07,34.72895431518555
2018-02-08,33.591060638427734
2018-02-09,33.61444091796875
2018-02-12,34.269107818603516
2018-02-13,34.440574645996094
2018-02-14,34.37044143676758
2018-02-15,34.900413513183594
2018-02-16,35.05629348754883
2018-02-20,34.284706115722656
2018-02-21,33.778106689453125
2018-02-22,33.91839599609375
2018-02-23,34.323673248291016
2018-02-26,34.31587600708008
2018-02-27,33.99633026123047
2018-02-28,33.6845817565918
2018-03-01,33.8482551574707
2018-03-02,34.07426834106445
2018-03-05,34.20676040649414
2018-03-06,34.237945556640625
2018-03-07,34.15220642089844
2018-03-08,34.643218994140625
2018-03-09,34.93157958984375
2018-03-12,34.70557403564453
2018-03-13,34.736751556396484
2018-03-14,34.42223358154297
2018-03-15,34.33573913574219
2018-03-16,34.17063522338867
2018-03-19,34.013389587402344
2018-03-20,33.93476104736328
2018-03-21,33.808956146240234
2018-03-22,33.6202507019043
2018-03-23,33.28216552734375
2018-03-26,33.56521987915039
2018-03-27,33.72246551513672
2018-03-28,34.0605583190918
2018-03-29,34.147056579589844
2018-04-02,33.54948806762695
2018-04-03,34.10773849487305
2018-04-04,34.78392028808594
2018-04-05,34.90971755981445
2018-04-06,34.53230667114258
2018-04-09,34.461544036865234
2018-04-10,34.58735656738281
2018-04-11,34.58735656738281
2018-04-12,34.618797302246094
2018-04-13,34.99619674682617
2018-04-16,35.1298713684082
2018-04-17,35.28711700439453
2018-04-18,34.99619674682617
2018-04-19,34.83896255493164
2018-04-20,34.390785217285156
2018-04-23,34.57950210571289
2018-04-24,33.86399459838867
2018-04-25,33.36079025268555
2018-04-26,33.61239242553711
2018-04-27,34.05270004272461
2018-04-30,33.97407531738281
2018-05-01,33.4865837097168
2018-05-02,33.06988525390625
2018-05-03,32.936214447021484
2018-05-04,33.305747985839844
2018-05-07,33.132781982421875
2018-05-08,32.87331008911133
2018-05-09,32.84971618652344
2018-05-10,33.16422653198242
2018-05-11,33.132781982421875
2018-05-14,33.05415725708008
2018-05-15,32.80255126953125
2018-05-16,32.668888092041016
2018-05-17,33.25857925415039
2018-05-18,33.16422653198242
2018-05-21,33.34507369995117
2018-05-22,33.219268798828125
2018-05-23,33.33720016479492
2018-05-24,33.27431106567383
2018-05-25,33.33720016479492
2018-05-29,33.5573616027832
2018-05-30,33.91116714477539
2018-05-31,33.808956146240234
2018-06-01,33.9033088684082
2018-06-04,34.19422912597656
2018-06-05,33.89543914794922
2018-06-06,34.17063522338867
2018-06-07,34.1549072265625
2018-06-08,34.55590057373047
2018-06-11,34.69742965698242
2018-06-12,34.917579650878906
2018-06-13,34.736751556396484
2018-06-14,34.57017135620117
2018-06-15,34.998512268066406
2018-06-18,34.546356201171875
2018-06-19,34.586021423339844
2018-06-20,34.316314697265625
2018-06-21,34.181461334228516
2018-06-22,34.30836868286133
2018-06-25,34.57017135620117
2018-06-26,34.37185287475586
2018-06-27,34.165592193603516
2018-06-28,34.48289489746094
2018-06-29,34.79226303100586
2018-07-02,34.70501708984375
2018-07-03,34.895389556884766
2018-07-05,35.42687225341797
2018-07-06,35.411006927490234
2018-07-09,35.22062683105469
2018-07-10,35.67278289794922
2018-07-11,35.52999496459961
2018-07-12,35.43479919433594
2018-07-13,35.490325927734375
2018-07-16,35.48239517211914
2018-07-17,35.894901275634766
2018-07-18,35.79177474975586
2018-07-19,35.78384017944336
2018-07-20,35.91868209838867
2018-07-23,35.65692138671875
2018-07-24,35.90282440185547
2018-07-25,36.56122970581055
2018-07-26,36.68022155761719
2018-07-27,36.65642166137695
2018-07-30,36.672279357910156
2018-07-31,36.989593505859375
2018-08-01,36.79920196533203
2018-08-02,36.63261795043945
2018-08-03,36.981651306152344
2018-08-06,37.00544357299805
2018-08-07,36.88646697998047
2018-08-08,36.60882568359375
2018-08-09,36.767478942871094
2018-08-10,36.553306579589844
2018-08-13,36.3549919128418
2018-08-14,36.402584075927734
2018-08-15,36.553306579589844
2018-08-16,36.66435241699219
2018-08-17,36.965797424316406
2018-08-20,37.068912506103516
2018-08-21,36.66435241699219
2018-08-22,36.43430709838867
2018-08-23,36.251869201660156
2018-08-24,36.196346282958984
2018-08-27,36.243927001953125
2018-08-28,35.990081787109375
2018-08-29,35.958370208740234
2018-08-30,35.65692138671875
2018-08-31,35.3554801940918
2018-09-04,35.506187438964844
2018-09-05,35.998016357421875
2018-09-06,36.30738830566406
2018-09-07,36.267723083496094
2018-09-10,36.537437438964844
2018-09-11,36.50569152832031
2018-09-12,36.68022155761719
2018-09-13,36.664222717285156
2018-09-14,36.792205810546875
2018-09-17,37.05622100830078
2018-09-18,36.74421691894531
2018-09-19,36.76821517944336
2018-09-20,37.312217712402344
2018-09-21,37.26422119140625
2018-09-24,36.85622024536133
2018-09-25,36.544227600097656
2018-09-26,36.68022155761719
2018-09-27,36.80821228027344
2018-09-28,36.95222091674805
2018-10-01,36.98421859741211
2018-10-02,37.208213806152344
2018-10-03,36.69621276855469
2018-10-04,36.68022155761719
2018-10-05,36.70421600341797
2018-10-08,37.18421173095703
2018-10-09,37.112220764160156
2018-10-10,36.544227600097656
2018-10-11,35.71221160888672
2018-10-12,35.74422073364258
2018-10-15,35.92821502685547
2018-10-16,36.3922233581543
2018-10-17,36.68820571899414
2018-10-18,36.488224029541016
2018-10-19,37.06423568725586
2018-10-22,36.77622604370117
2018-10-23,37.08822250366211
2018-10-24,37.38422393798828
2018-10-25,37.208213806152344
2018-10-26,36.73621368408203
2018-10-29,37.168212890625
2018-10-30,38.10423278808594
2018-10-31,38.30423355102539
2018-11-01,38.19223403930664
2018-11-02,38.400230407714844
2018-11-05,38.95222473144531
2018-11-06,39.288238525390625
2018-11-07,39.496238708496094
2018-11-08,39.464237213134766
2018-11-09,39.74422836303711
2018-11-12,39.896236419677734
2018-11-13,39.888248443603516
2018-11-14,39.808231353759766
2018-11-15,39.79222869873047
2018-11-16,40.13623809814453
2018-11-19,40.40823745727539
2018-11-20,39.50423049926758
2018-11-21,38.984230041503906
2018-11-23,39.21623229980469
2018-11-26,39.096229553222656
2018-11-27,39.496238708496094
2018-11-28,39.76823425292969
2018-11-29,39.494083404541016
2018-11-30,40.63907241821289
2018-12-03,40.06657791137695
2018-12-04,39.9778938293457
2018-12-06,39.81660842895508
2018-12-07,39.582786560058594
2018-12-10,39.703731536865234
2018-12-11,39.94563674926758
2018-12-12,39.6876106262207
2018-12-13,39.88918685913086
2018-12-14,39.78436279296875
2018-12-17,38.969966888427734
2018-12-18,38.9619026184082
2018-12-19,38.62324142456055
2018-12-20,38.33296203613281
2018-12-21,38.357154846191406
2018-12-24,37.058963775634766
2018-12-26,37.84917449951172
2018-12-27,38.32490158081055
2018-12-28,38.058815002441406
2018-12-31,38.17976760864258
2019-01-02,37.84110641479492
2019-01-03,37.607269287109375
2019-01-04,38.357154846191406
2019-01-07,37.857234954833984
2019-01-08,38.28459167480469
2019-01-09,37.55083465576172
2019-01-10,37.95399475097656
2019-01-11,38.17170333862305
2019-01-14,38.018497467041016
2019-01-15,38.357154846191406
2019-01-16,37.83303451538086
2019-01-17,37.945926666259766
2019-01-18,38.38941192626953
2019-01-22,38.47810363769531
2019-01-23,38.921592712402344
2019-01-24,38.45391082763672
2019-01-25,38.195884704589844
2019-01-28,38.03462219238281
2019-01-29,38.2200813293457
2019-01-30,38.59098815917969
2019-01-31,38.8087043762207
2019-02-01,39.268310546875
2019-02-04,39.71179962158203
2019-02-05,39.7198486328125
2019-02-06,39.7198486328125
2019-02-07,39.84885787963867
2019-02-08,39.91337966918945
2019-02-11,40.002071380615234
2019-02-12,40.04239273071289
2019-02-13,40.14720916748047
2019-02-14,36.7606201171875
2019-02-15,36.478416442871094
2019-02-19,36.14781951904297
2019-02-20,36.36552810668945
2019-02-21,36.97832107543945
2019-02-22,36.51066207885742
2019-02-25,36.23650360107422
2019-02-26,36.034912109375
2019-02-27,36.23650360107422
2019-02-28,36.55904006958008
2019-03-01,36.5912971496582
2019-03-04,36.80900192260742
2019-03-05,36.76869201660156
2019-03-06,36.647735595703125
2019-03-07,36.51066207885742
2019-03-08,36.1558837890625
2019-03-11,37.23635482788086
2019-03-12,37.13153076171875
2019-03-13,37.26861572265625
2019-03-14,37.171016693115234
2019-03-15,36.84565353393555
2019-03-18,36.93512725830078
2019-03-19,37.05712890625
2019-03-20,37.03273391723633
2019-03-21,37.01646041870117
2019-03-22,37.35808181762695
2019-03-25,37.439414978027344
2019-03-26,37.93556213378906
2019-03-27,37.91117477416992
2019-03-28,37.886775970458984
2019-03-29,38.11451721191406
2019-04-01,38.00063705444336
2019-04-02,37.878631591796875
2019-04-03,37.561424255371094
2019-04-04,37.80543518066406
2019-04-05,37.797298431396484
2019-04-08,37.862369537353516
2019-04-09,37.95998001098633
2019-04-10,37.93556213378906
2019-04-11,37.99250411987305
2019-04-12,38.01691436767578
2019-04-15,38.228389739990234
2019-04-16,38.18772506713867
2019-04-17,38.45613098144531
2019-04-18,38.61880111694336
2019-04-22,38.553733825683594
2019-04-23,39.212554931640625
2019-04-24,39.02549362182617
2019-04-25,38.911617279052734
2019-04-26,39.253231048583984
2019-04-29,39.38336944580078
2019-04-30,39.903926849365234
2019-05-01,39.52164077758789
2019-05-02,39.35897445678711
2019-05-03,39.62739181518555
2019-05-06,39.424049377441406
2019-05-07,39.04175567626953
2019-05-08,38.91975784301758
2019-05-09,38.553733825683594
2019-05-10,39.1963005065918
2019-05-13,39.082420349121094
2019-05-14,39.60298156738281
2019-05-15,40.00153350830078
2019-05-16,40.3268928527832
2019-05-17,40.01780700683594
2019-05-20,39.73311996459961
2019-05-21,39.529781341552734
2019-05-22,40.383819580078125
2019-05-23,40.54650115966797
2019-05-24,40.35127639770508
2019-05-28,39.936466217041016
2019-05-29,39.53791809082031
2019-05-30,40.058467864990234
2019-05-31,39.960853576660156
2019-06-03,40.65222930908203
2019-06-04,40.66850280761719
2019-06-05,41.302921295166016
2019-06-06,41.80721664428711
2019-06-07,41.88042449951172
2019-06-10,41.79094696044922
2019-06-11,41.750267028808594
2019-06-12,42.00242614746094
2019-06-13,41.912254333496094
2019-06-14,42.05979919433594
2019-06-17,41.699127197265625
2019-06-18,41.51059341430664
2019-06-19,41.904052734375
2019-06-20,42.346702575683594
2019-06-21,42.256534576416016
2019-06-24,42.559837341308594
2019-06-25,42.42866897583008
2019-06-26,41.904052734375
2019-06-27,41.871273040771484
2019-06-28,41.740108489990234
2019-07-01,42.29751968383789
2019-07-02,42.6090087890625
2019-07-03,42.70738220214844
2019-07-05,42.71558380126953
2019-07-08,42.62540817260742
2019-07-09,42.2893180847168
2019-07-10,42.47786331176758
2019-07-11,42.658203125
2019-07-12,42.72377395629883
2019-07-15,42.73197555541992
2019-07-16,42.74017333984375
2019-07-17,42.77295684814453
2019-07-18,42.65000534057617
2019-07-19,42.12538146972656
2019-07-22,41.98603439331055
2019-07-23,44.53535842895508
2019-07-24,44.08450698852539
2019-07-25,43.502506256103516
2019-07-26,44.40420150756836
2019-07-29,44.25665283203125
2019-07-30,44.03533172607422
2019-07-31,43.1418342590332
2019-08-01,42.65000534057617
2019-08-02,42.895912170410156
2019-08-05,42.3385124206543
2019-08-06,42.846736907958984
2019-08-07,43.59269332885742
2019-08-08,44.01072311401367
2019-08-09,43.789405822753906
2019-08-12,43.60907745361328
2019-08-13,43.85498046875
2019-08-14,43.43693542480469
2019-08-15,44.158287048339844
2019-08-16,44.60093688964844
2019-08-19,44.8304557800293
2019-08-20,44.16648483276367
2019-08-21,44.34682083129883
2019-08-22,44.66651916503906
2019-08-23,44.05172348022461
2019-08-26,44.70750427246094
2019-08-27,44.855045318603516
2019-08-28,45.17473220825195
2019-08-29,45.125545501708984
2019-08-30,45.11735534667969
2019-09-03,45.330482482910156
2019-09-04,45.71574783325195
2019-09-05,45.18293762207031
2019-09-06,45.27310562133789
2019-09-09,44.69110870361328
2019-09-10,44.59273910522461
2019-09-11,44.896026611328125
2019-09-12,45.17473220825195
2019-09-13,44.80317687988281
2019-09-16,44.55545425415039
2019-09-17,44.78664779663086
2019-09-18,44.77839279174805
2019-09-19,45.017860412597656
2019-09-20,44.51416778564453
2019-09-23,44.70408630371094
2019-09-24,44.836185455322266
2019-09-25,44.72885513305664
2019-09-26,44.910518646240234
2019-09-27,44.844459533691406
2019-09-30,44.95178985595703
2019-10-01,45.12520217895508
2019-10-02,43.828826904296875
2019-10-03,44.45636749267578
2019-10-04,45.034366607666016
2019-10-07,44.48114013671875
2019-10-08,44.24168014526367
2019-10-09,44.44810485839844
2019-10-10,44.307743072509766
2019-10-11,44.01049041748047
2019-10-14,44.01049041748047
2019-10-15,44.18387985229492
2019-10-16,44.16737365722656
2019-10-17,44.41508865356445
2019-10-18,45.23252868652344
2019-10-21,44.77839279174805
2019-10-22,44.46461868286133
2019-10-23,45.11693572998047
2019-10-24,45.0921630859375
2019-10-25,44.38204574584961
2019-10-28,44.233421325683594
2019-10-29,44.1013069152832
2019-10-30,44.5389404296875
2019-10-31,44.943538665771484
2019-11-01,44.50591278076172
2019-11-04,43.87837219238281
2019-11-05,43.28385543823242
2019-11-06,43.597625732421875
2019-11-07,43.176509857177734
2019-11-08,43.11045455932617
2019-11-11,42.80493927001953
2019-11-12,42.69758987426758
2019-11-13,43.27560043334961
2019-11-14,43.45724868774414
2019-11-15,43.49028015136719
2019-11-18,43.787540435791016
2019-11-19,43.828826904296875
2019-11-20,43.944435119628906
2019-11-21,43.729732513427734
2019-11-22,43.787540435791016
2019-11-25,43.944435119628906
2019-11-26,44.50591278076172
2019-11-27,44.54719543457031
2019-11-29,44.42241668701172
2019-12-02,44.713565826416016
2019-12-03,44.75516128540039
2019-12-04,45.16279220581055
2019-12-05,45.07959747314453
2019-12-06,45.270931243896484
2019-12-09,44.97977828979492
2019-12-10,44.73020553588867
2019-12-11,44.879947662353516
2019-12-12,45.03801727294922
2019-12-13,45.270931243896484
2019-12-16,45.270931243896484
2019-12-17,45.270931243896484
2019-12-18,44.84667205810547
2019-12-19,45.187744140625
2019-12-20,45.72846603393555
2019-12-23,45.67855453491211
2019-12-24,45.51217269897461
2019-12-26,45.77006149291992
2019-12-27,46.044578552246094
2019-12-30,45.97803497314453
2019-12-31,46.044578552246094
2020-01-02,45.7451057434082
2020-01-03,45.495540618896484
2020-01-06,45.47889709472656
2020-01-07,45.129512786865234
2020-01-08,45.21270751953125
2020-01-09,46.0362663269043
2020-01-10,46.19431686401367
2020-01-13,46.69345474243164
2020-01-14,46.58530807495117
2020-01-15,47.16762924194336
2020-01-16,47.26744842529297
2020-01-17,47.367279052734375
2020-01-21,47.55860137939453
2020-01-22,47.92462921142578
2020-01-23,48.107635498046875
2020-01-24,47.98286056518555
2020-01-27,47.81649398803711
2020-01-28,47.425498962402344
2020-01-29,47.425498962402344
2020-01-30,48.9644775390625
2020-01-31,48.581817626953125
2020-02-03,48.7315559387207
2020-02-04,48.94784927368164
2020-02-05,48.95615768432617
2020-02-06,49.072628021240234
2020-02-07,49.23899459838867
2020-02-10,49.70486068725586
2020-02-11,49.571754455566406
2020-02-12,49.42201232910156
2020-02-13,49.5883903503418
2020-02-14,49.87123489379883
2020-02-18,49.52183151245117
2020-02-19,49.721492767333984
2020-02-20,49.679908752441406
2020-02-21,50.02096939086914
2020-02-24,48.789794921875
2020-02-25,48.09932327270508
2020-02-26,47.91630935668945
2020-02-27,45.69519805908203
2020-02-28,44.497291564941406
2020-03-02,46.51874923706055
2020-03-03,46.635215759277344
2020-03-04,49.01438903808594
2020-03-05,47.200897216796875
2020-03-06,45.96971130371094
2020-03-09,43.14132308959961
2020-03-10,44.63870620727539
2020-03-11,43.432472229003906
2020-03-12,39.231475830078125
2020-03-13,40.67485809326172
2020-03-16,37.981109619140625
2020-03-17,39.59233093261719
2020-03-18,37.637046813964844
2020-03-19,35.10272979736328
2020-03-20,32.140438079833984
2020-03-23,31.519468307495117
2020-03-24,33.10549545288086
2020-03-25,34.918121337890625
2020-03-26,37.1671142578125
2020-03-27,35.925132751464844
2020-03-30,37.76293182373047
2020-03-31,37.133548736572266
2020-04-01,35.346092224121094
2020-04-02,36.88178634643555
2020-04-03,36.781089782714844
2020-04-06,39.164344787597656
2020-04-07,39.03007888793945
2020-04-08,40.129398345947266
2020-04-09,41.11962127685547
2020-04-13,39.38253402709961
2020-04-14,41.052494049072266
2020-04-15,39.95317840576172
2020-04-16,39.525184631347656
2020-04-17,40.330806732177734
2020-04-20,39.0468635559082
2020-04-21,38.0817985534668
2020-04-22,38.33356857299805
2020-04-23,37.82166290283203
2020-04-24,38.12377166748047
2020-04-27,39.25665283203125
2020-04-28,39.22309875488281
2020-04-29,39.54197692871094
2020-04-30,38.509788513183594
2020-05-01,38.26643371582031
2020-05-04,37.88040542602539
2020-05-05,38.098594665527344
2020-05-06,37.55312728881836
2020-05-07,37.42724609375
2020-05-08,38.69441223144531
2020-05-11,38.216068267822266
2020-05-12,37.61186599731445
2020-05-13,36.87338638305664
2020-05-14,36.67198944091797
2020-05-15,36.30275344848633
2020-05-18,37.73774719238281
2020-05-19,37.37690734863281
2020-05-20,38.509788513183594
2020-05-21,37.90557098388672
2020-05-22,37.7880973815918
2020-05-26,38.67761993408203
2020-05-27,39.214698791503906
2020-05-28,39.51681137084961
2020-05-29,39.1727409362793
2020-06-01,39.43288803100586
2020-06-02,39.357357025146484
2020-06-03,40.196529388427734
2020-06-04,40.213314056396484
2020-06-05,41.195152282714844
2020-06-08,41.83292770385742
2020-06-09,41.11962127685547
2020-06-10,40.800743103027344
2020-06-11,38.216068267822266
2020-06-12,38.614078521728516
2020-06-15,39.20683670043945
2020-06-16,39.60483169555664
2020-06-17,39.44394302368164
2020-06-18,39.79113006591797
2020-06-19,38.969730377197266
2020-06-22,38.73263931274414
2020-06-23,38.64794158935547
2020-06-24,37.809608459472656
2020-06-25,38.046722412109375
2020-06-26,36.895076751708984
2020-06-29,37.564048767089844
2020-06-30,37.83501434326172
2020-07-01,37.95356750488281
2020-07-02,38.00437545776367
2020-07-06,38.300758361816406
2020-07-07,38.283817291259766
2020-07-08,38.16526794433594
2020-07-09,37.18299102783203
2020-07-10,38.2330207824707
2020-07-13,38.31770706176758
2020-07-14,38.84272003173828
2020-07-15,39.29151153564453
2020-07-16,39.079811096191406
2020-07-17,39.64717102050781
2020-07-20,39.054412841796875
2020-07-21,39.96895980834961
2020-07-22,41.0528564453125
2020-07-23,40.88349533081055
2020-07-24,41.06132888793945
2020-07-27,41.0528564453125
2020-07-28,40.79882049560547
2020-07-29,40.663330078125
2020-07-30,40.38389587402344
2020-07-31,40.002830505371094
2020-08-03,39.20683670043945
2020-08-04,39.537078857421875
2020-08-05,39.98589324951172
2020-08-06,40.206050872802734
2020-08-07,40.47703170776367
2020-08-10,40.4093017578125
2020-08-11,40.58711624145508
2020-08-12,41.01051712036133
2020-08-13,40.968170166015625
2020-08-14,41.02745056152344
2020-08-17,40.824214935302734
2020-08-18,41.00204849243164
2020-08-19,40.1129035949707
2020-08-20,40.095977783203125
2020-08-21,40.03670883178711
2020-08-24,40.620994567871094
2020-08-25,40.5701789855957
2020-08-26,40.781883239746094
2020-08-27,40.84115219116211
2020-08-28,42.196041107177734
2020-08-31,41.941993713378906
2020-09-01,41.59480667114258
2020-09-02,43.347686767578125
2020-09-03,42.746456146240234
2020-09-04,43.22066879272461
2020-09-08,42.179115295410156
2020-09-09,42.50088882446289
2020-09-10,42.339996337890625
2020-09-11,43.23760223388672
2020-09-14,43.28882598876953
2020-09-15,43.57905960083008
2020-09-16,43.35710906982422
2020-09-17,43.1522331237793
2020-09-18,43.066871643066406
2020-09-21,41.90591049194336
2020-09-22,42.39249038696289
2020-09-23,41.15468215942383
2020-09-24,41.572975158691406
2020-09-25,41.59004592895508
2020-09-28,42.06809616088867
2020-09-29,41.760780334472656
2020-09-30,42.144927978515625
2020-10-01,41.98273849487305
2020-10-02,42.136383056640625
2020-10-05,42.15345764160156
2020-10-06,41.77785110473633
2020-10-07,42.30712127685547
2020-10-08,43.075401306152344
2020-10-09,43.37418746948242
2020-10-12,43.61320877075195
2020-10-13,42.87053680419922
2020-10-14,42.78516387939453
2020-10-15,42.674190521240234
2020-10-16,42.70832824707031
2020-10-19,42.35834884643555
2020-10-20,42.896141052246094
2020-10-21,42.674190521240234
2020-10-22,43.26321792602539
2020-10-23,43.126625061035156
2020-10-26,42.511993408203125
2020-10-27,42.59737014770508
2020-10-28,40.94126510620117
2020-10-29,40.992496490478516
2020-10-30,41.02664566040039
2020-11-02,41.50469207763672
2020-11-03,42.127845764160156
2020-11-04,41.97419357299805
2020-11-05,42.20467758178711
2020-11-06,42.213218688964844
2020-11-09,44.876625061035156
2020-11-10,46.08027267456055
2020-11-11,45.73881149291992
2020-11-12,45.25222396850586
2020-11-13,45.62784194946289
2020-11-16,45.969295501708984
2020-11-17,45.82417678833008
2020-11-18,44.910770416259766
2020-11-19,45.35466384887695
2020-11-20,44.961978912353516
2020-11-23,44.97052001953125
2020-11-24,45.43149185180664
2020-11-25,45.183937072753906
2020-11-27,44.98759841918945
2020-11-30,44.393959045410156
2020-12-01,44.77250671386719
2020-12-02,44.83272933959961
2020-12-03,45.40916442871094
2020-12-04,46.32973098754883
2020-12-07,45.589839935302734
2020-12-08,45.753318786621094
2020-12-09,45.88235855102539
2020-12-10,45.641456604003906
2020-12-11,45.89956283569336
2020-12-14,45.83073043823242
2020-12-15,46.32113265991211
2020-12-16,45.650062561035156
2020-12-17,45.83073043823242
2020-12-18,46.23509979248047
2020-12-21,45.43498229980469
2020-12-22,45.3919563293457
2020-12-23,45.667266845703125
2020-12-24,45.976985931396484
2020-12-28,46.59644317626953
2020-12-29,46.57063674926758
2020-12-30,46.837337493896484
2020-12-31,47.18148422241211
2021-01-04,45.3919563293457
2021-01-05,44.89296340942383
2021-01-06,43.464778900146484
2021-01-07,42.98299026489258
2021-01-08,43.94657897949219
2021-01-11,43.1894645690918
2021-01-12,43.112030029296875
2021-01-13,43.15505599975586
2021-01-14,42.35492706298828
2021-01-15,41.89894485473633
2021-01-19,41.7354736328125
2021-01-20,41.88173294067383
2021-01-21,42.114036560058594
2021-01-22,41.71826934814453
2021-01-25,41.96776580810547
2021-01-26,42.406551361083984
2021-01-27,41.752689361572266
2021-01-28,42.286102294921875
2021-01-29,41.42575454711914
2021-02-01,41.709678649902344
2021-02-02,42.12263870239258
2021-02-03,41.95916748046875
2021-02-04,42.165653228759766
2021-02-05,42.71627426147461
2021-02-08,42.94856643676758
2021-02-09,42.75929260253906
2021-02-10,42.67326354980469
2021-02-11,43.27550506591797
2021-02-12,43.61103057861328
2021-02-16,43.249691009521484
2021-02-17,43.129241943359375
2021-02-18,43.67986297607422
2021-02-19,43.112030029296875
2021-02-22,43.559410095214844
2021-02-23,43.481990814208984
2021-02-24,43.62824630737305
2021-02-25,43.16365051269531
2021-02-26,42.14844512939453
2021-03-01,42.93136215209961
2021-03-02,43.10343551635742
2021-03-03,43.000186920166016
2021-03-04,42.96577835083008
2021-03-05,43.69707107543945
2021-03-08,44.42837142944336
2021-03-09,43.757301330566406
2021-03-10,44.25629425048828
2021-03-11,43.774505615234375
2021-03-12,43.6877555847168
2021-03-15,44.268985748291016
2021-03-16,44.433815002441406
2021-03-17,44.45115280151367
2021-03-18,43.869930267333984
2021-03-19,44.07813262939453
2021-03-22,44.242950439453125
2021-03-23,44.5812873840332
2021-03-24,44.69405746459961
2021-03-25,45.1278190612793
2021-03-26,46.01267623901367
2021-03-29,46.71535110473633
2021-03-30,46.10810089111328
2021-03-31,45.726402282714844
2021-04-01,45.55289840698242
2021-04-05,45.81315231323242
2021-04-06,46.14280319213867
2021-04-07,46.22087860107422
2021-04-08,46.08208084106445
2021-04-09,46.13414001464844
2021-04-12,46.2816047668457
2021-04-13,46.05604934692383
2021-04-14,46.04737091064453
2021-04-15,46.264259338378906
2021-04-16,46.5678825378418
2021-04-19,46.84548568725586
2021-04-20,46.99296569824219
2021-04-21,47.374664306640625
2021-04-22,47.2271842956543
2021-04-23,47.25321960449219
2021-04-26,46.550540924072266
2021-04-27,46.481136322021484
2021-04-28,46.48981475830078
2021-04-29,47.071041107177734
2021-04-30,46.82814025878906
2021-05-03,47.261878967285156
2021-05-04,46.966941833496094
2021-05-05,46.84548568725586
2021-05-06,47.31393051147461
2021-05-07,47.28791809082031
2021-05-10,47.63492202758789
2021-05-11,47.12308883666992
2021-05-12,46.880184173583984
2021-05-13,47.28791809082031
2021-05-14,47.4787712097168
2021-05-17,47.400691986083984
2021-05-18,47.140445709228516
2021-05-19,46.99296569824219
2021-05-20,47.40937423706055
2021-05-21,47.38333511352539
2021-05-24,47.53948974609375
2021-05-25,47.53082275390625
2021-05-26,47.739017486572266
2021-05-27,48.13808059692383
2021-05-28,47.96456527709961
2021-06-01,47.955894470214844
2021-06-02,48.14674758911133
2021-06-03,48.2681884765625
2021-06-04,48.7887077331543
2021-06-07,48.615196228027344
2021-06-08,48.27687454223633
2021-06-09,48.12939453125
2021-06-10,48.5024299621582
2021-06-11,48.71930694580078
2021-06-14,48.553226470947266
2021-06-15,48.43087387084961
2021-06-16,47.78407669067383
2021-06-17,48.02881622314453
2021-06-18,46.997440338134766
2021-06-21,47.513126373291016
2021-06-22,47.687931060791016
2021-06-23,47.303348541259766
2021-06-24,47.539344787597656
2021-06-25,47.47816467285156
2021-06-28,47.425716400146484
2021-06-29,47.076107025146484
2021-06-30,47.29461669921875
2021-07-01,47.16350555419922
2021-07-02,47.35579299926758
2021-07-06,47.09358596801758
2021-07-07,47.47816467285156
2021-07-08,47.31209182739258
2021-07-09,47.600528717041016
2021-07-12,47.618011474609375
2021-07-13,48.08999252319336
2021-07-14,49.17380905151367
2021-07-15,49.331138610839844
2021-07-16,49.29617691040039
2021-07-19,48.7105598449707
2021-07-20,48.797969818115234
2021-07-21,49.427284240722656
2021-07-22,49.357357025146484
2021-07-23,49.829341888427734
2021-07-26,49.873043060302734
2021-07-27,50.047855377197266
2021-07-28,49.59334182739258
2021-07-29,49.86429977416992
2021-07-30,49.84682846069336
2021-08-02,49.715721130371094
2021-08-03,49.75068283081055
2021-08-04,49.033958435058594
2021-08-05,49.383583068847656
2021-08-06,49.505950927734375
2021-08-09,49.514678955078125
2021-08-10,49.645790100097656
2021-08-11,49.58460998535156
2021-08-12,49.680755615234375
2021-08-13,50.021629333496094
2021-08-16,50.24014663696289
2021-08-17,50.065338134765625
2021-08-18,49.383583068847656
2021-08-19,49.69823455810547
2021-08-20,49.505950927734375
2021-08-23,49.331138610839844
2021-08-24,48.955291748046875
2021-08-25,49.007747650146484
2021-08-26,48.54450225830078
2021-08-27,48.64064025878906
2021-08-30,49.103885650634766
2021-08-31,49.21751403808594
2021-09-01,49.549652099609375
2021-09-02,49.61957931518555
2021-09-03,49.58460998535156
2021-09-07,48.65812301635742
2021-09-08,49.313655853271484
2021-09-09,48.82420349121094
2021-09-10,48.605690002441406
2021-09-13,49.007747650146484
2021-09-14,49.04296875
2021-09-15,49.21028137207031
2021-09-16,48.74354553222656
2021-09-17,47.94215393066406
2021-09-20,47.607521057128906
2021-09-21,47.59870910644531
2021-09-22,47.66916275024414
2021-09-23,47.58990478515625
2021-09-24,47.45780944824219
2021-09-27,47.21122741699219
2021-09-28,46.35700225830078
2021-09-29,46.6388053894043
2021-09-30,46.20730209350586
2021-10-01,46.691654205322266
2021-10-04,46.66522979736328
2021-10-05,46.74449157714844
2021-10-06,47.29928970336914
2021-10-07,47.449005126953125
2021-10-08,47.66035461425781
2021-10-11,47.757225036621094
2021-10-12,47.757225036621094
2021-10-13,47.76604080200195
2021-10-14,48.09187316894531
2021-10-15,47.977394104003906
2021-10-18,47.501834869384766
2021-10-19,47.68678283691406
2021-10-20,48.10947799682617
2021-10-21,47.86290740966797
2021-10-22,47.95097732543945
2021-10-25,47.757225036621094
2021-10-26,47.96858596801758
2021-10-27,48.89324951171875
2021-10-28,49.35118865966797
2021-10-29,49.64179992675781
2021-11-01,49.46567153930664
2021-11-02,49.40403366088867
2021-11-03,49.571346282958984
2021-11-04,49.8443489074707
2021-11-05,50.055702209472656
2021-11-08,49.60658264160156
2021-11-09,49.74748992919922
2021-11-10,49.950035095214844
2021-11-11,49.9676399230957
2021-11-12,49.853153228759766
2021-11-15,49.86196517944336
2021-11-16,49.509700775146484
2021-11-17,49.23670959472656
2021-11-18,48.796390533447266
2021-11-19,48.5498046875
2021-11-22,48.84922790527344
2021-11-23,49.21028137207031
2021-11-24,48.814002990722656
2021-11-26,47.31690979003906
2021-11-29,48.06545639038086
2021-11-30,46.54787826538086
2021-12-01,46.414756774902344
2021-12-02,47.098106384277344
2021-12-03,47.515220642089844
2021-12-06,48.73106384277344
2021-12-07,48.99729919433594
2021-12-08,48.81093215942383
2021-12-09,48.68668746948242
2021-12-10,49.9468879699707
2021-12-13,51.26035690307617
2021-12-14,51.29584884643555
2021-12-15,51.52659225463867
2021-12-16,52.050201416015625
2021-12-17,51.233726501464844
2021-12-20,51.065101623535156
2021-12-21,51.26922607421875
2021-12-22,51.63308334350586
2021-12-23,51.6685905456543
2021-12-27,52.050201416015625
2021-12-28,52.25432205200195
2021-12-29,52.31643295288086
2021-12-30,52.16557693481445
2021-12-31,52.54719161987305
2022-01-03,52.62705993652344
2022-01-04,53.50566101074219
2022-01-05,53.94938659667969
2022-01-06,53.6653938293457
2022-01-07,53.5411491394043
2022-01-10,53.629905700683594
2022-01-11,53.647640228271484
2022-01-12,53.72751998901367
2022-01-13,54.04701614379883
2022-01-14,54.481868743896484
2022-01-18,54.04701614379883
2022-01-19,54.13575744628906
2022-01-20,53.91388702392578
2022-01-21,53.647640228271484
2022-01-24,53.21278762817383
2022-01-25,53.088539123535156
2022-01-26,52.8932991027832
2022-01-27,52.93766784667969
2022-01-28,53.99375915527344
2022-01-31,54.144630432128906
2022-02-01,53.745277404785156
2022-02-02,54.295501708984375
2022-02-03,54.6771125793457
2022-02-04,54.100257873535156
2022-02-07,54.668235778808594
2022-02-08,55.023231506347656
2022-02-09,54.17125701904297
2022-02-10,54.47301483154297
2022-02-11,53.50566101074219
2022-02-14,53.85176467895508
2022-02-15,54.05588150024414
2022-02-16,54.04701614379883
2022-02-17,55.129722595214844
2022-02-18,55.502464294433594
2022-02-22,55.271724700927734
2022-02-23,54.65937042236328
2022-02-24,53.700897216796875
2022-02-25,55.77757263183594
2022-02-28,55.236228942871094
2022-03-01,54.99660873413086
2022-03-02,55.40483856201172
2022-03-03,55.440345764160156
2022-03-04,55.52909469604492
2022-03-07,54.206756591796875
2022-03-08,52.05907440185547
2022-03-09,52.325313568115234
2022-03-10,51.36685562133789
2022-03-11,51.40234375
2022-03-14,52.35026168823242
2022-03-15,53.316070556640625
2022-03-16,53.17298889160156
2022-03-17,53.73637771606445
2022-03-18,53.745323181152344
2022-03-21,54.174564361572266
2022-03-22,54.371307373046875
2022-03-23,54.01360321044922
2022-03-24,54.53227615356445
2022-03-25,55.02412414550781
2022-03-28,55.37288284301758
2022-03-29,55.587501525878906
2022-03-30,55.63221740722656
2022-03-31,55.444427490234375
2022-04-01,56.222434997558594
2022-04-04,55.92732620239258
2022-04-05,55.86472702026367
2022-04-06,56.42811584472656
2022-04-07,56.7321662902832
2022-04-08,57.0809326171875
2022-04-11,57.063045501708984
2022-04-12,57.73373794555664
2022-04-13,57.885772705078125
2022-04-14,58.145103454589844
2022-04-18,57.626434326171875
2022-04-19,58.18981170654297
2022-04-20,58.985721588134766
2022-04-21,59.20927429199219
2022-04-22,58.35078430175781
2022-04-25,58.967830657958984
2022-04-26,58.171932220458984
2022-04-27,58.62800216674805
2022-04-28,59.19138717651367
2022-04-29,57.7784538269043
2022-05-02,56.7321662902832
2022-05-03,56.41023254394531
2022-05-04,58.154048919677734
2022-05-05,57.68902587890625
2022-05-06,57.89470291137695
2022-05-09,57.7784538269043
2022-05-10,57.24189758300781
2022-05-11,57.510169982910156
2022-05-12,57.68902587890625
2022-05-13,58.771095275878906
2022-05-16,58.985721588134766
2022-05-17,58.824745178222656
2022-05-18,54.72900390625
2022-05-19,53.655887603759766
2022-05-20,54.53227615356445
2022-05-23,56.2134895324707
2022-05-24,57.25083541870117
2022-05-25,57.295555114746094
2022-05-26,57.50123596191406
2022-05-27,57.84104537963867
2022-05-31,56.67851257324219
2022-06-01,56.40128707885742
2022-06-02,56.991493225097656
2022-06-03,56.31186294555664
2022-06-06,56.222434997558594
2022-06-07,56.56224822998047
2022-06-08,56.240325927734375
2022-06-09,55.265567779541016
2022-06-10,54.916805267333984
2022-06-13,54.85420227050781
2022-06-14,53.3499870300293
2022-06-15,53.74631881713867
2022-06-16,53.20588302612305
2022-06-17,53.53013610839844
2022-06-21,54.67406463623047
2022-06-22,55.07939147949219
2022-06-23,55.73692321777344
2022-06-24,56.781761169433594
2022-06-27,56.6646614074707
2022-06-28,56.097206115722656
2022-06-29,56.50253677368164
2022-06-30,56.6646614074707
2022-07-01,57.98872756958008
2022-07-05,56.9979362487793
2022-07-06,57.11503219604492
2022-07-07,56.6646614074707
2022-07-08,56.87183380126953
2022-07-11,56.69169616699219
2022-07-12,56.448490142822266
2022-07-13,56.187286376953125
2022-07-14,56.00713348388672
2022-07-15,56.295372009277344
2022-07-18,55.52975082397461
2022-07-19,56.322383880615234
2022-07-20,55.3946418762207
2022-07-21,55.26853942871094
2022-07-22,55.4757080078125
2022-07-25,56.01613998413086
2022-07-26,56.93488693237305
2022-07-27,56.75473403930664
2022-07-28,57.70050048828125
2022-07-29,57.79957962036133
2022-08-01,58.114830017089844
2022-08-02,57.32219696044922
2022-08-03,57.574398040771484
2022-08-04,57.34922409057617
2022-08-05,57.0880126953125
2022-08-08,56.718711853027344
2022-08-09,56.790767669677734
2022-08-10,57.33120346069336
2022-08-11,56.94388961791992
2022-08-12,57.37623596191406
2022-08-15,58.09682083129883
2022-08-16,58.57420349121094
2022-08-17,58.43909454345703
2022-08-18,58.74533462524414
2022-08-19,58.70030212402344
2022-08-22,57.826595306396484
2022-08-23,57.8896598815918
2022-08-24,57.97072219848633
2022-08-25,58.24994659423828
2022-08-26,56.84481430053711
2022-08-29,56.50253677368164
2022-08-30,55.98012161254883
2022-08-31,55.58378601074219
2022-09-01,55.84500503540039
2022-09-02,55.07939147949219
2022-09-06,55.106407165527344
2022-09-07,56.12423324584961
2022-09-08,55.95308303833008
2022-09-09,56.13323974609375
2022-09-12,56.295372009277344
2022-09-13,54.46689987182617
2022-09-14,54.755123138427734
2022-09-15,54.011146545410156
2022-09-16,54.02021789550781
2022-09-19,54.42850875854492
2022-09-20,54.34684753417969
2022-09-21,53.8931999206543
2022-09-22,53.76618194580078
2022-09-23,53.1673698425293
2022-09-26,52.505035400390625
2022-09-27,51.15317153930664
2022-09-28,51.697547912597656
2022-09-29,51.325557708740234
2022-09-30,50.82655334472656
2022-10-03,51.39814376831055
2022-10-04,51.51609802246094
2022-10-05,51.026161193847656
2022-10-06,49.92833709716797
2022-10-07,49.45653533935547
2022-10-10,49.34765625
2022-10-11,49.429317474365234
2022-10-12,50.02812957763672
2022-10-13,50.690452575683594
2022-10-14,49.88296890258789
2022-10-17,50.52714157104492
2022-10-18,51.20761489868164
2022-10-19,50.77210998535156
2022-10-20,49.97369384765625
2022-10-21,50.77210998535156
2022-10-24,52.232852935791016
2022-10-25,53.48491287231445
2022-10-26,53.884132385253906
2022-10-27,54.011146545410156
2022-10-28,55.12712097167969
2022-10-31,54.301475524902344
2022-11-01,54.11094665527344
2022-11-02,53.35790252685547
2022-11-03,53.3306770324707
2022-11-04,53.76618194580078
2022-11-07,53.974857330322266
2022-11-08,54.07465744018555
2022-11-09,53.32160949707031
2022-11-10,55.235992431640625
2022-11-11,55.63520050048828
2022-11-14,55.099891662597656
2022-11-15,55.00917434692383
2022-11-16,54.909366607666016
2022-11-17,55.08175277709961
2022-11-18,55.47188949584961
2022-11-21,56.32474899291992
2022-11-22,56.56970977783203
2022-11-23,56.823753356933594
2022-11-25,56.87819290161133
2022-11-28,56.887264251708984
2022-11-29,56.687660217285156
2022-11-30,58.122222900390625
2022-12-01,58.28668975830078
2022-12-02,58.798370361328125
2022-12-05,57.994293212890625
2022-12-06,57.96687698364258
2022-12-07,58.05825424194336
2022-12-08,58.304962158203125
2022-12-09,57.6927604675293
2022-12-12,58.4511604309082
2022-12-13,58.46942901611328
2022-12-14,58.46942901611328
2022-12-15,57.665348052978516
2022-12-16,57.33641052246094
2022-12-19,57.41865158081055
2022-12-20,57.37295150756836
2022-12-21,58.29582214355469
2022-12-22,57.875511169433594
2022-12-23,58.3140983581543
2022-12-27,58.670448303222656
2022-12-28,58.085662841796875
2022-12-29,58.43288040161133
2022-12-30,58.122222900390625
2023-01-03,57.51914978027344
2023-01-04,57.491737365722656
2023-01-05,56.833858489990234
2023-01-06,57.930335998535156
2023-01-09,57.20848846435547
2023-01-10,56.769901275634766
2023-01-11,56.660247802734375
2023-01-12,55.92926025390625
2023-01-13,56.13028335571289
2023-01-17,56.35871505737305
2023-01-18,54.650047302246094
2023-01-19,54.567813873291016
2023-01-20,54.896751403808594
2023-01-23,55.0338134765625
2023-01-24,55.326202392578125
2023-01-25,55.673423767089844
2023-01-26,55.56377410888672
2023-01-27,55.271392822265625
2023-01-30,55.4084358215332
2023-01-31,56.02977752685547
2023-02-01,56.038909912109375
2023-02-02,55.07949447631836
2023-02-03,54.6683235168457
2023-02-06,54.97898864746094
2023-02-07,54.88761520385742
2023-02-08,54.567813873291016
2023-02-09,54.47643280029297
2023-02-10,54.47643280029297
2023-02-13,55.37188720703125
2023-02-14,54.44902801513672
2023-02-15,54.44902801513672
2023-02-16,54.11094665527344
2023-02-17,54.93330001831055
2023-02-21,54.64091110229492
2023-02-22,54.80537796020508
2023-02-23,54.90589141845703
2023-02-24,54.677459716796875
2023-02-27,54.659175872802734
2023-02-28,54.37593078613281
2023-03-01,53.782012939453125
2023-03-02,54.567813873291016
2023-03-03,54.31196594238281
2023-03-06,55.15260314941406
2023-03-07,54.83279037475586
2023-03-08,54.860206604003906
2023-03-09,54.33024978637695
2023-03-10,54.101806640625
2023-03-13,54.650047302246094
2023-03-14,54.85107421875
2023-03-15,55.2165641784668
2023-03-16,55.52040100097656
2023-03-17,55.262596130371094
2023-03-20,55.796627044677734
2023-03-21,55.538822174072266
2023-03-22,55.29022216796875
2023-03-23,55.1705207824707
2023-03-24,56.07284927368164
2023-03-27,56.4871711730957
2023-03-28,56.55162811279297
2023-03-29,56.95675277709961
2023-03-30,56.94753646850586
2023-03-31,57.11327362060547
2023-04-03,57.45394515991211
2023-04-04,57.27901077270508
2023-04-05,57.82224655151367
2023-04-06,57.85907745361328
2023-04-10,57.72096252441406
2023-04-11,57.61968231201172
2023-04-12,57.72096252441406
2023-04-13,58.14450454711914
2023-04-14,58.052425384521484
2023-04-17,58.429931640625
2023-04-18,58.522003173828125
2023-04-19,58.63249206542969
2023-04-20,58.890296936035156
2023-04-21,58.973167419433594
2023-04-24,58.88108825683594
2023-04-25,58.78901290893555
2023-04-26,58.51279067993164
2023-04-27,58.63249206542969
2023-04-28,59.06523513793945
2023-05-01,59.20335006713867
2023-05-02,58.936336517333984
2023-05-03,58.6048698425293
2023-05-04,58.6693229675293
2023-05-05,58.94554138183594
2023-05-08,58.85346603393555
2023-05-09,58.365474700927734
2023-05-10,58.46675491333008
2023-05-11,58.7982292175293
2023-05-12,59.028411865234375
2023-05-15,58.87187957763672
2023-05-16,58.208953857421875
2023-05-17,58.14450454711914
2023-05-18,57.82224655151367
2023-05-19,57.84986877441406
2023-05-22,56.634490966796875
2023-05-23,56.5332145690918
2023-05-24,56.05442428588867
2023-05-25,55.62167739868164
2023-05-26,55.48357391357422
2023-05-30,55.04161834716797
2023-05-31,54.93113327026367
2023-06-01,55.24417495727539
2023-06-02,56.31223678588867
2023-06-05,55.934730529785156
2023-06-06,55.52961349487305
2023-06-07,55.44674301147461
2023-06-08,55.584842681884766
2023-06-09,55.67692565917969
2023-06-12,55.43753433227539
2023-06-13,55.658512115478516
2023-06-14,56.03601837158203
2023-06-15,56.80604934692383
2023-06-16,57.214256286621094
2023-06-20,56.83387756347656
2023-06-21,56.99159240722656
2023-06-22,57.38124465942383
2023-06-23,56.7782096862793
2023-06-26,56.7967643737793
2023-06-27,56.67616653442383
2023-06-28,56.14734649658203
2023-06-29,55.6834716796875
2023-06-30,55.8690185546875
2023-07-03,56.20301055908203
2023-07-05,56.6204948425293
2023-07-06,56.1844596862793
2023-07-07,55.44225311279297
2023-07-10,55.0247688293457
2023-07-11,55.21958923339844
2023-07-12,55.516475677490234
2023-07-13,55.98961639404297
2023-07-14,56.49989700317383
2023-07-17,56.41638946533203
2023-07-18,56.1937370300293
2023-07-19,57.186424255371094
2023-07-20,57.882225036621094
2023-07-21,57.92862319946289
2023-07-24,57.947174072265625
2023-07-25,57.75235366821289
2023-07-26,58.49454879760742
2023-07-27,57.92862319946289
2023-07-28,57.965736389160156
2023-07-31,57.45547103881836
2023-08-01,57.307037353515625
2023-08-02,57.483306884765625
2023-08-03,57.186424255371094
2023-08-04,56.32361602783203
2023-08-07,56.76893615722656
2023-08-08,56.51844024658203
2023-08-09,56.64832305908203
2023-08-10,56.51844024658203
2023-08-11,56.7503776550293
2023-08-14,56.48133087158203
2023-08-15,56.100955963134766
2023-08-16,56.110225677490234
2023-08-17,56.23084259033203
2023-08-18,56.5462760925293
2023-08-21,56.06385040283203
2023-08-22,55.720577239990234
2023-08-23,55.915409088134766
2023-08-24,55.766963958740234
2023-08-25,56.0267333984375
2023-08-28,56.1844596862793
2023-08-29,56.128787994384766
2023-08-30,56.100955963134766
2023-08-31,55.507198333740234
2023-09-01,55.0247688293457
2023-09-05,54.57017517089844
2023-09-06,54.53306579589844
2023-09-07,54.115577697753906
2023-09-08,54.115577697753906
2023-09-11,54.62583923339844
2023-09-12,54.087745666503906
2023-09-13,54.21762466430664
2023-09-14,54.66647720336914
2023-09-15,54.18022537231445
2023-09-18,54.51686477661133
2023-09-19,54.40464782714844
2023-09-20,54.64777755737305
2023-09-21,53.806182861328125
2023-09-22,53.86228561401367
2023-09-25,53.30122375488281
2023-09-26,52.861724853515625
2023-09-27,52.31935501098633
2023-09-28,52.188438415527344
2023-09-29,52.347408294677734
2023-10-02,51.879852294921875
2023-10-03,51.318790435791016
2023-10-04,51.468406677246094
2023-10-05,48.98101806640625
2023-10-06,49.69170379638672
2023-10-09,49.44857406616211
2023-10-10,50.52394485473633
2023-10-11,50.224708557128906
2023-10-12,49.38311004638672
2023-10-13,49.457923889160156
2023-10-16,49.96288299560547
2023-10-17,50.56135177612305
2023-10-18,50.54264831542969
2023-10-19,50.82318115234375
2023-10-20,51.02890396118164
2023-10-23,50.57070541381836
2023-10-24,52.02946853637695
2023-10-25,52.47832489013672
2023-10-26,52.16038513183594
2023-10-27,51.65543746948242
2023-10-30,52.50638198852539
2023-10-31,52.824317932128906
2023-11-01,52.77756118774414
2023-11-02,53.38538360595703
2023-11-03,53.0580940246582
2023-11-06,53.273170471191406
2023-11-07,53.46954345703125
2023-11-08,53.38538360595703
2023-11-09,52.983280181884766
2023-11-10,53.039390563964844
2023-11-13,53.23576736450195
2023-11-14,53.39472579956055
2023-11-15,53.49759292602539
2023-11-16,53.44148635864258
2023-11-17,53.54435348510742
2023-11-20,53.675262451171875
2023-11-21,54.26438522338867
2023-11-22,54.62907791137695
2023-11-24,54.76934814453125
2023-11-27,54.66647720336914
2023-11-28,54.77869415283203
2023-11-29,54.4514045715332
2023-11-30,55.082916259765625
2023-12-01,55.271427154541016
2023-12-04,55.20545196533203
2023-12-05,55.290283203125
2023-12-06,55.233726501464844
2023-12-07,55.365684509277344
2023-12-08,55.24315643310547
2023-12-11,55.64845275878906
2023-12-12,56.006614685058594
2023-12-13,56.487327575683594
2023-12-14,55.64845275878906
2023-12-15,55.233726501464844
2023-12-18,55.62960433959961
2023-12-19,55.45051956176758
2023-12-20,54.30059814453125
2023-12-21,54.658775329589844
2023-12-22,54.969810485839844
2023-12-26,55.19601821899414
2023-12-27,55.33740997314453
2023-12-28,55.37510681152344
2023-12-29,55.54476547241211
2024-01-02,56.38364028930664
2024-01-03,56.51559829711914
2024-01-04,56.32708740234375
2024-01-05,56.24225997924805
2024-01-08,56.656986236572266
2024-01-09,56.553306579589844
2024-01-10,56.7418098449707
2024-01-11,56.37421798706055
2024-01-12,56.9208984375
2024-01-16,56.543880462646484
2024-01-17,56.543880462646484
2024-01-18,56.7041130065918
2024-01-19,56.39307403564453
2024-01-22,56.148006439208984
2024-01-23,56.41191864013672
2024-01-24,55.525917053222656
2024-01-25,55.761558532714844
2024-01-26,55.95949172973633
2024-01-29,56.29881286621094
2024-01-30,56.45905303955078
2024-01-31,56.07259750366211
2024-02-01,57.477012634277344
2024-02-02,57.062286376953125
2024-02-05,56.591007232666016
2024-02-06,56.496742248535156
2024-02-07,56.543880462646484
2024-02-08,56.39307403564453
2024-02-09,56.13857650756836
2024-02-12,56.27053451538086
2024-02-13,55.94063186645508
2024-02-14,55.88408660888672
2024-02-15,55.98777389526367
2024-02-16,55.97834777832031
2024-02-20,57.21309280395508
2024-02-21,57.722076416015625
2024-02-22,57.63724136352539
2024-02-23,57.68436813354492
2024-02-26,57.22251510620117
2024-02-27,56.87377166748047
2024-02-28,56.930328369140625
2024-02-29,56.57215881347656
2024-03-01,56.11029815673828
2024-03-04,56.37421798706055
2024-03-05,56.10087203979492
2024-03-06,56.129154205322266
2024-03-07,56.02547836303711
2024-03-08,56.10087203979492
2024-03-11,56.779518127441406
2024-03-12,57.02457809448242
2024-03-13,57.608970642089844
2024-03-14,57.48070526123047
2024-03-15,56.89164352416992
2024-03-18,57.12916946411133
2024-03-19,57.224178314208984
2024-03-20,57.71822738647461
2024-03-21,57.45220184326172
2024-03-22,57.4712028503418
2024-03-25,57.38569641113281
2024-03-26,57.51871109008789
2024-03-27,57.9842529296875
2024-03-28,58.126766204833984
2024-04-01,57.6517219543457
2024-04-02,57.148170471191406
2024-04-03,56.844146728515625
2024-04-04,56.34059143066406
2024-04-05,56.54011154174805
2024-04-08,56.31208419799805
2024-04-09,56.739627838134766
2024-04-10,55.97955322265625
2024-04-11,56.103065490722656
2024-04-12,55.371490478515625
2024-04-15,55.23848342895508
2024-04-16,55.162471771240234
2024-04-17,55.59001159667969
2024-04-18,55.97004699707031
2024-04-19,57.16716384887695
2024-04-22,57.528202056884766
2024-04-23,57.61371612548828
2024-04-24,58.478302001953125
2024-04-25,58.65882873535156
2024-04-26,58.65882873535156
2024-04-29,58.94384765625
2024-04-30,58.687320709228516
2024-05-01,58.83933639526367
2024-05-02,58.896339416503906
2024-05-03,59.06735610961914
2024-05-06,59.238372802734375
2024-05-07,59.494903564453125
2024-05-08,59.71342086791992
2024-05-09,59.7419319152832
2024-05-10,60.10295867919922
2024-05-13,60.40699768066406
2024-05-14,59.95094299316406
2024-05-15,59.97945785522461
2024-05-16,60.159969329833984
2024-05-17,59.884437561035156
2024-05-20,59.44740295410156
2024-05-21,59.77043533325195
2024-05-22,59.855934143066406
2024-05-23,58.99135208129883
2024-05-24,58.905845642089844
2024-05-28,58.734825134277344
2024-05-29,58.62081527709961
2024-05-30,58.87733840942383
2024-05-31,59.78943634033203
2024-06-03,59.78943634033203
2024-06-04,60.749027252197266
2024-06-05,60.73002624511719
2024-06-06,60.94854736328125
2024-06-07,60.72052001953125
2024-06-10,60.41648864746094
2024-06-11,60.37848663330078
2024-06-12,59.7419319152832
2024-06-13,59.846439361572266
2024-06-14,59.889522552490234
2024-06-17,59.95654296875
2024-06-18,59.96611785888672
2024-06-20,59.535255432128906
2024-06-21,60.10016632080078
2024-06-24,61.24912643432617
2024-06-25,61.12465286254883
2024-06-26,61.325721740722656
2024-06-27,61.19167709350586
2024-06-28,60.94273376464844
2024-07-01,60.588470458984375
2024-07-02,60.46400451660156
2024-07-03,60.636348724365234
2024-07-05,61.04805374145508
2024-07-08,60.282081604003906
2024-07-09,60.0235710144043
2024-07-10,60.157615661621094
2024-07-11,60.41613006591797
2024-07-12,60.9906120300293
2024-07-15,60.71294403076172
2024-07-16,61.53635787963867
2024-07-17,62.43638229370117
2024-07-18,62.417236328125
2024-07-19,62.512977600097656
2024-07-22,62.01509475708008
2024-07-23,62.19701385498047
2024-07-24,63.01085662841797
2024-07-25,63.25979995727539
2024-07-26,64.1981201171875
2024-07-29,63.98747634887695
2024-07-30,64.80132293701172
2024-07-31,63.90129852294922
2024-08-01,65.06942749023438
2024-08-02,66.38114929199219
2024-08-05,65.20346069335938
2024-08-06,65.15559387207031
2024-08-07,65.54814910888672
2024-08-08,65.80667114257812
2024-08-09,65.7587890625
2024-08-12,65.27047729492188
2024-08-13,65.54814910888672
2024-08-14,65.66304779052734
2024-08-15,65.73006439208984
2024-08-16,66.2375259399414
2024-08-19,66.0460205078125
2024-08-20,66.42900848388672
2024-08-21,66.61093139648438
2024-08-22,66.38114929199219
2024-08-23,66.82157135009766
2024-08-26,67.8269271850586
2024-08-27,68.4588394165039
2024-08-28,68.6982192993164
2024-08-29,68.98545837402344
2024-08-30,69.38758850097656
2024-09-03,69.90462493896484
2024-09-04,69.47377014160156
2024-09-05,68.14287567138672
2024-09-06,68.11415100097656
2024-09-09,68.7939682006836
2024-09-10,68.5067138671875
2024-09-11,68.05671691894531
2024-09-12,68.2003402709961
2024-09-13,68.84141540527344
2024-09-16,69.50659942626953
2024-09-17,69.2173843383789
2024-09-18,69.16918182373047
2024-09-19,68.07982635498047
2024-09-20,69.06314086914062
2024-09-23,69.14990234375
2024-09-24,68.76429748535156
2024-09-25,68.87996673583984
2024-09-26,68.83177185058594
2024-09-27,69.20774841308594
2024-09-30,69.27523040771484
2024-10-01,69.13062286376953
2024-10-02,68.45579528808594
2024-10-03,67.9834213256836
2024-10-04,67.64601135253906
2024-10-07,66.52774047851562
2024-10-08,66.69161987304688
2024-10-09,67.06759643554688
2024-10-10,66.75910949707031
2024-10-11,67.06759643554688
2024-10-14,67.80989074707031
2024-10-15,67.80989074707031
2024-10-16,68.0316162109375
2024-10-17,67.3857192993164
2024-10-18,67.90630340576172
2024-10-21,66.951904296875
2024-10-22,66.951904296875
2024-10-23,65.56370544433594
2024-10-24,64.87925720214844
2024-10-25,64.5129165649414
2024-10-28,64.27191162109375
2024-10-29,63.20183181762695
2024-10-30,63.54888153076172
2024-10-31,62.9608154296875
2024-11-01,62.67161178588867
2024-11-04,62.76801681518555
2024-11-05,63.01866912841797
2024-11-06,61.40873718261719
2024-11-07,61.370174407958984
2024-11-08,61.62082290649414
2024-11-11,61.08096694946289
2024-11-12,60.926719665527344
2024-11-13,60.73391342163086
2024-11-14,60.30010223388672
2024-11-15,59.51923751831055
2024-11-18,59.63492202758789
2024-11-19,60.338661193847656
2024-11-20,60.72427749633789
2024-11-21,61.46657943725586
2024-11-22,61.62082290649414
2024-11-25,62.064273834228516
2024-11-26,62.2281608581543
2024-11-27,62.11247634887695
2024-11-29,62.24361038208008
2024-12-02,61.825931549072266
2024-12-03,61.69966125488281
2024-12-04,60.42720031738281
2024-12-05,61.116851806640625
2024-12-06,60.7380256652832
2024-12-09,60.80602264404297
2024-12-10,61.107139587402344
2024-12-11,60.844871520996094
2024-12-12,62.01048278808594
2024-12-13,61.31112289428711
2024-12-16,60.75745391845703
2024-12-17,61.58309555053711
2024-12-18,61.048858642578125
2024-12-19,60.660316467285156
2024-12-20,60.75745391845703
2024-12-23,60.59232711791992
2024-12-24,61.03914260864258
2024-12-26,60.77688217163086
2024-12-27,60.660316467285156
2024-12-30,60.25235366821289
2024-12-31,60.475765228271484
2025-01-02,60.06780242919922
2025-01-03,59.98038101196289
2025-01-06,59.067317962646484
2025-01-07,59.09646224975586
2025-01-08,59.9415283203125
2025-01-10,59.31986999511719
2025-01-13,59.88324737548828
2025-01-14,60.26206970214844
2025-01-15,59.99980545043945
2025-01-16,60.4660530090332
2025-01-17,60.91286849975586
2025-01-21,60.63117599487305
2025-01-22,60.009521484375
2025-01-23,59.766685485839844
2025-01-24,60.1455078125
2025-01-27,62.03962326049805
2025-01-28,60.572898864746094
2025-01-29,61.0294303894043
2025-01-30,62.214473724365234
2025-01-31,61.660797119140625
2025-02-03,61.53452682495117
2025-02-04,60.87401580810547
2025-02-05,61.31112289428711
2025-02-06,61.54424285888672
2025-02-07,62.01048278808594
2025-02-10,62.700138092041016
2025-02-11,65.66273498535156
2025-02-12,66.74092102050781
2025-02-13,67.5082778930664
2025-02-14,66.89634704589844
2025-02-18,67.07118225097656
2025-02-19,68.06195831298828
2025-02-20,68.03280639648438
2025-02-21,69.30526733398438
2025-02-24,68.56704711914062
2025-02-25,69.44125366210938
2025-02-26,68.77103424072266
2025-02-27,68.83902740478516
2025-02-28,69.16928100585938
2025-03-03,70.2474594116211
2025-03-04,68.17850494384766
2025-03-05,68.07166290283203
2025-03-06,68.44078063964844
2025-03-07,69.38297271728516
2025-03-10,69.40238952636719
2025-03-11,69.004150390625
2025-03-12,67.93567657470703
2025-03-13,67.62484741210938
2025-03-14,67.67377471923828
2025-03-17,68.61314392089844
2025-03-18,67.8890380859375
2025-03-19,67.79119110107422
2025-03-20,68.21194458007812
2025-03-21,67.19429016113281
2025-03-24,67.46827697753906
2025-03-25,67.33129119873047
2025-03-26,68.51528930664062
2025-03-27,69.21981048583984
2025-03-28,68.85777282714844
2025-03-31,70.0809097290039
2025-04-01,70.3255386352539
2025-04-02,69.7971420288086
2025-04-03,71.60738372802734
2025-04-04,68.42721557617188
2025-04-07,66.9007568359375
2025-04-08,66.94967651367188
2025-04-09,68.44679260253906
2025-04-10,69.23938751220703
2025-04-11,69.89498901367188
2025-04-14,70.89306640625
2025-04-15,70.31575012207031
2025-04-16,70.13961791992188
2025-04-17,71.4312515258789
2025-04-21,71.20618438720703
2025-04-22,72.3119125366211
2025-04-23,71.72480773925781
2025-04-24,70.96156311035156
2025-04-25,70.36467742919922
2025-04-28,70.24725341796875
2025-04-29,70.79521179199219
2025-04-30,70.99092102050781
2025-05-01,69.75799560546875
2025-05-02,70.11026763916016
2025-05-05,70.15918731689453
2025-05-06,70.17875671386719
2025-05-07,70.8441390991211
2025-05-08,69.64057159423828
2025-05-09,69.0045394897461
2025-05-12,68.03582000732422
2025-05-13,67.47806549072266
2025-05-14,67.67377471923828
2025-05-15,70.07112121582031
2025-05-16,70.4527359008789
2025-05-19,70.38424682617188
2025-05-20,70.14940643310547
2025-05-21,70.30596160888672
2025-05-22,69.61121368408203
2025-05-23,70.2276840209961
2025-05-27,70.23746490478516
2025-05-28,69.62100219726562
2025-05-29,69.95369720458984
2025-05-30,70.55058288574219
2025-06-02,70.4527359008789
2025-06-03,69.63079071044922
2025-06-04,69.8362808227539
2025-06-05,69.38616180419922
2025-06-06,69.81670379638672
2025-06-09,70.2276840209961
2025-06-10,70.79521179199219
2025-06-11,70.52123260498047
2025-06-12,70.68757629394531
2025-06-13,69.9878921508789
2025-06-16,69.49516296386719
2025-06-17,68.6082534790039
2025-06-18,68.20420837402344
2025-06-20,67.8395767211914
2025-06-23,68.72650146484375
2025-06-24,69.18966674804688
2025-06-25,68.61810302734375
2025-06-26,68.4604263305664
2025-06-27,69.30792236328125
2025-06-30,69.72181701660156
2025-07-01,70.62845611572266
2025-07-02,69.87950134277344
2025-07-03,70.31310272216797
2025-07-07,69.9780502319336
2025-07-08,69.21923065185547
2025-07-09,68.47028350830078
2025-07-10,68.75605773925781
2025-07-11,68.8546142578125
2025-07-14,68.4604263305664
2025-07-15,68.35202026367188
2025-07-16,68.2633285522461
2025-07-17,69.56414794921875
2025-07-18,68.83489990234375
2025-07-21,69.05170440673828
2025-07-22,68.64766693115234
2025-07-23,68.15493774414062
2025-07-24,68.09579467773438
2025-07-25,68.16478729248047
2025-07-28,67.10047912597656
2025-07-29,68.3717269897461
2025-07-30,67.75089263916016
2025-07-31,66.90338134765625
2025-08-01,67.85929107666016
2025-08-04,67.95783233642578
2025-08-05,68.0465316772461
2025-08-06,68.49983978271484
2025-08-07,69.40647888183594
2025-08-08,69.3177719116211
2025-08-11,69.72181701660156
2025-08-12,69.68240356445312
2025-08-13,69.43603515625
2025-08-14,68.53926849365234
2025-08-15,68.90387725830078
2025-08-18,68.1253662109375
2025-08-19,69.11083221435547
2025-08-20,69.67254638671875
2025-08-21,69.63313293457031
2025-08-22,69.11083221435547
2025-08-25,67.92827606201172
2025-08-26,67.73118591308594
2025-08-27,67.82972717285156
2025-08-28,67.36656188964844
2025-08-29,67.98739624023438
2025-09-02,68.05638122558594
2025-09-03,67.98739624023438
2025-09-04,67.2581558227539
2025-09-05,66.97237396240234
2025-09-08,66.45006561279297
2025-09-09,66.87381744384766
2025-09-10,66.83440399169922
2025-09-11,66.63731384277344
2025-09-12,66.03617095947266
2025-09-15,65.74819946289062
2025-09-16,65.77798461914062
2025-09-17,66.5724105834961
2025-09-18,65.99645233154297
2025-09-19,65.96665954589844
2025-09-22,65.74819946289062
2025-09-23,66.24471282958984
2025-09-24,65.98651885986328
2025-09-25,65.51980590820312
2025-09-26,65.21195983886719
2025-09-29,65.57938385009766
2025-09-30,65.85742950439453
2025-10-01,66.31422424316406
2025-10-02,65.63896179199219
2025-10-03,66.18512725830078
2025-10-06,65.63896179199219
2025-10-07,66.32415008544922
2025-10-08,65.65882873535156
2025-10-09,65.9070816040039
2025-10-10,66.5724105834961
2025-10-13,66.3340835571289
2025-10-14,67.03913116455078
2025-10-15,66.61212921142578
2025-10-16,67.11856842041016
2025-10-17,67.962646484375
2025-10-20,67.962646484375
2025-10-21,70.72325134277344
2025-10-22,70.31610870361328
2025-10-23,69.45218658447266
2025-10-24,69.22378540039062
2025-10-27,69.57134246826172
2025-10-28,69.670654296875
2025-10-29,67.8732681274414
2025-10-30,68.4988784790039
2025-10-31,68.41943359375
2025-11-03,67.49592590332031
2025-11-04,68.18111419677734
2025-11-05,68.03215789794922
2025-11-06,68.57831573486328
2025-11-07,70.05792999267578
2025-11-10,70.02812957763672
2025-11-11,71.11053466796875
2025-11-12,71.01123046875
2025-11-13,70.57430267333984
2025-11-14,70.6636734008789
2025-11-17,70.18701934814453
2025-11-18,70.72325134277344
2025-11-19,70.61402130126953
2025-11-20,70.71332550048828
2025-11-21,72.4411849975586
2025-11-24,72.08369445800781
2025-11-25,72.10356140136719
2025-11-26,72.37167358398438
2025-11-28,72.61000061035156
2025-12-01,71.94999694824219
2025-12-02,70.66999816894531
2025-12-03,70.80999755859375
2025-12-04,70.44999694824219
2025-12-05,70.0
2025-12-08,70.25
2025-12-09,70.08999633789062
2025-12-10,70.20999908447266
2025-12-11,69.11000061035156
2025-12-12,70.5199966430664
2025-12-15,70.97000122070312
2025-12-16,70.37000274658203
2025-12-17,70.66999816894531
2025-12-18,70.36000061035156
2025-12-19,70.05999755859375
2025-12-22,70.20999908447266
2025-12-23,69.87000274658203
2025-12-24,70.11000061035156
2025-12-26,69.87000274658203
2025-12-29,70.16000366210938
2025-12-30,70.06999969482422
2025-12-31,69.91000366210938
