Date,NVDA
2016-01-04,0.7895879149436951
2016-01-05,0.8022720813751221
2016-01-06,0.7690981030464172
2016-01-07,0.7386071681976318
2016-01-08,0.7227520942687988
2016-01-11,0.7239717841148376
2016-01-12,0.7361679673194885
2016-01-13,0.7137269973754883
2016-01-14,0.6993351578712463
2016-01-15,0.6612825989723206
2016-01-19,0.6666490435600281
2016-01-20,0.6703080534934998
2016-01-21,0.6781136989593506
2016-01-22,0.6939688920974731
2016-01-25,0.6932371854782104
2016-01-26,0.7000671625137329
2016-01-27,0.6917733550071716
2016-01-28,0.684211790561676
2016-01-29,0.7144586443901062
2016-02-01,0.7147025465965271
2016-02-02,0.6844557523727417
2016-02-03,0.6878708600997925
2016-02-04,0.6881144046783447
2016-02-05,0.6446958184242249
2016-02-08,0.6151807904243469
2016-02-09,0.6217668652534485
2016-02-10,0.6203033328056335
2016-02-11,0.6171322464942932
2016-02-12,0.6276211738586426
2016-02-16,0.6583557724952698
2016-02-17,0.6746987700462341
2016-02-18,0.7327529191970825
2016-02-19,0.7425102591514587
2016-02-22,0.768854022026062
2016-02-23,0.7708057165145874
2016-02-24,0.7761719226837158
2016-02-25,0.7778791785240173
2016-02-26,0.7727568745613098
2016-02-29,0.7677381038665771
2016-03-01,0.8017676472663879
2016-03-02,0.8064192533493042
2016-03-03,0.7993193864822388
2016-03-04,0.7968710660934448
2016-03-07,0.7917299270629883
2016-03-08,0.7772859930992126
2016-03-09,0.7767964005470276
2016-03-10,0.7755720615386963
2016-03-11,0.7887921929359436
2016-03-14,0.7907508015632629
2016-03-15,0.7868335843086243
2016-03-16,0.8103358745574951
2016-03-17,0.80348140001297
2016-03-18,0.8277175426483154
2016-03-21,0.8301658034324646
2016-03-22,0.8286972641944885
2016-03-23,0.8428963422775269
2016-03-24,0.8441203832626343
2016-03-28,0.8526889085769653
2016-03-29,0.8663983345031738
2016-03-30,0.8754563927650452
2016-03-31,0.8722736835479736
2016-04-01,0.885004460811615
2016-04-04,0.8764358758926392
2016-04-05,0.8752115964889526
2016-04-06,0.8764358758926392
2016-04-07,0.867377758026123
2016-04-08,0.8730085492134094
2016-04-11,0.8783944249153137
2016-04-12,0.8774150013923645
2016-04-13,0.8994483351707458
2016-04-14,0.9018966555595398
2016-04-15,0.9089962840080261
2016-04-18,0.905079185962677
2016-04-19,0.888921320438385
2016-04-20,0.8923489451408386
2016-04-21,0.8913694620132446
2016-04-22,0.8879422545433044
2016-04-25,0.8923489451408386
2016-04-26,0.8930833339691162
2016-04-27,0.913402795791626
2016-04-28,0.8862282037734985
2016-04-29,0.8698257207870483
2016-05-02,0.8813320994377136
2016-05-03,0.8708051443099976
2016-05-04,0.8509751558303833
2016-05-05,0.8561161160469055
2016-05-06,0.8649294972419739
2016-05-09,0.8637053966522217
2016-05-10,0.880352795124054
2016-05-11,0.8828009963035583
2016-05-12,0.8708051443099976
2016-05-13,1.0032501220703125
2016-05-16,1.0328723192214966
2016-05-17,1.0350759029388428
2016-05-18,1.0615155696868896
2016-05-19,1.066166639328003
2016-05-20,1.085262656211853
2016-05-23,1.0869762897491455
2016-05-24,1.1133623123168945
2016-05-25,1.1086980104446411
2016-05-26,1.1204804182052612
2016-05-27,1.1266167163848877
2016-05-31,1.1467430591583252
2016-06-01,1.148952603340149
2016-06-02,1.1570525169372559
2016-06-03,1.1408522129058838
2016-06-06,1.1349618434906006
2016-06-07,1.1371707916259766
2016-06-08,1.1334891319274902
2016-06-09,1.1629430055618286
2016-06-10,1.1339794397354126
2016-06-13,1.1484616994857788
2016-06-14,1.1506701707839966
2016-06-15,1.162452220916748
2016-06-16,1.1671161651611328
2016-06-17,1.1467430591583252
2016-06-20,1.167360782623291
2016-06-21,1.1602433919906616
2016-06-22,1.1592612266540527
2016-06-23,1.1901880502700806
2016-06-24,1.1224445104599
2016-06-27,1.1104167699813843
2016-06-28,1.1266167163848877
2016-06-29,1.1450251340866089
2016-06-30,1.1538615226745605
2016-07-01,1.1452704668045044
2016-07-05,1.1622065305709839
2016-07-06,1.1695704460144043
2016-07-07,1.2000062465667725
2016-07-08,1.2481144666671753
2016-07-11,1.276831865310669
2016-07-12,1.2959771156311035
2016-07-13,1.2954864501953125
2016-07-14,1.308740496635437
2016-07-15,1.2935224771499634
2016-07-18,1.30014967918396
2016-07-19,1.3136496543884277
2016-07-20,1.3308308124542236
2016-07-21,1.3062858581542969
2016-07-22,1.3418761491775513
2016-07-25,1.366666555404663
2016-07-26,1.389984369277954
2016-07-27,1.3759938478469849
2016-07-28,1.3789390325546265
2016-07-29,1.4015204906463623
2016-08-01,1.3924386501312256
2016-08-02,1.3755028247833252
2016-08-03,1.3791848421096802
2016-08-04,1.4047117233276367
2016-08-05,1.4285200834274292
2016-08-08,1.441774606704712
2016-08-09,1.4454561471939087
2016-08-10,1.436129093170166
2016-08-11,1.4653376340866089
2016-08-12,1.5473177433013916
2016-08-15,1.5458455085754395
2016-08-16,1.5365183353424072
2016-08-17,1.5009281635284424
2016-08-18,1.5242462158203125
2016-08-19,1.5281732082366943
2016-08-22,1.5345549583435059
2016-08-23,1.5469722747802734
2016-08-24,1.5231200456619263
2016-08-25,1.5130376815795898
2016-08-26,1.5253336429595947
2016-08-29,1.5243499279022217
2016-08-30,1.5154975652694702
2016-08-31,1.5083659887313843
2016-09-01,1.5528745651245117
2016-09-02,1.5376280546188354
2016-09-06,1.5521364212036133
2016-09-07,1.52926766872406
2016-09-08,1.5403331518173218
2016-09-09,1.4636117219924927
2016-09-12,1.493857741355896
2016-09-13,1.4722182750701904
2016-09-14,1.4852511882781982
2016-09-15,1.541562795639038
2016-09-16,1.5452511310577393
2016-09-19,1.565661072731018
2016-09-20,1.5513988733291626
2016-09-21,1.5949236154556274
2016-09-22,1.5988582372665405
2016-09-23,1.5971367359161377
2016-09-26,1.5821369886398315
2016-09-27,1.636235237121582
2016-09-28,1.642137050628662
2016-09-29,1.6573834419250488
2016-09-30,1.6849241256713867
2016-10-03,1.683202862739563
2016-10-04,1.6795142889022827
2016-10-05,1.677793025970459
2016-10-06,1.6559075117111206
2016-10-07,1.6438580751419067
2016-10-10,1.6500059366226196
2016-10-11,1.6261528730392456
2016-10-12,1.6335301399230957
2016-10-13,1.60697340965271
2016-10-14,1.622710943222046
2016-10-17,1.6133662462234497
2016-10-18,1.6379567384719849
2016-10-19,1.634514331817627
2016-10-20,1.6654977798461914
2016-10-21,1.6608258485794067
2016-10-24,1.738776683807373
2016-10-25,1.7673017978668213
2016-10-26,1.774432897567749
2016-10-27,1.7380391359329224
2016-10-28,1.7350884675979614
2016-10-31,1.7498425245285034
2016-11-01,1.6979565620422363
2016-11-02,1.6908258199691772
2016-11-03,1.67115318775177
2016-11-04,1.661563515663147
2016-11-07,1.7525476217269897
2016-11-08,1.7498425245285034
2016-11-09,1.7203339338302612
2016-11-10,1.6664814949035645
2016-11-11,2.1632041931152344
2016-11-14,2.056729793548584
2016-11-15,2.119433641433716
2016-11-16,2.2532052993774414
2016-11-17,2.2718935012817383
2016-11-18,2.295745372772217
2016-11-21,2.2864015102386475
2016-11-22,2.3028769493103027
2016-11-23,2.314206600189209
2016-11-25,2.3188846111297607
2016-11-28,2.3176536560058594
2016-11-29,2.296473979949951
2016-11-30,2.2706151008605957
2016-12-01,2.1583168506622314
2016-12-02,2.1782641410827637
2016-12-05,2.2627346515655518
2016-12-06,2.299922227859497
2016-12-07,2.3412959575653076
2016-12-08,2.302138566970825
2016-12-09,2.2612576484680176
2016-12-12,2.206339120864868
2016-12-13,2.2452497482299805
2016-12-14,2.3752810955047607
2016-12-15,2.4309380054473877
2016-12-16,2.472804307937622
2016-12-19,2.502849817276001
2016-12-20,2.5900282859802246
2016-12-21,2.6062827110290527
2016-12-22,2.637805223464966
2016-12-23,2.703559637069702
2016-12-27,2.889247417449951
2016-12-28,2.690507411956787
2016-12-29,2.7441937923431396
2016-12-30,2.628693103790283
2017-01-03,2.51220703125
2017-01-04,2.570819616317749
2017-01-05,2.5055580139160156
2017-01-06,2.539050340652466
2017-01-09,2.64199161529541
2017-01-10,2.622044086456299
2017-01-11,2.5897815227508545
2017-01-12,2.54742431640625
2017-01-13,2.5471785068511963
2017-01-17,2.4900424480438232
2017-01-18,2.5353569984436035
2017-01-19,2.5897815227508545
2017-01-20,2.5614607334136963
2017-01-23,2.5880579948425293
2017-01-24,2.643223285675049
2017-01-25,2.6545515060424805
2017-01-26,2.7003579139709473
2017-01-27,2.7525675296783447
2017-01-30,2.70947003364563
2017-01-31,2.688783645629883
2017-02-01,2.8062546253204346
2017-02-02,2.84171724319458
2017-02-03,2.8168435096740723
2017-02-06,2.8890013694763184
2017-02-07,2.9338228702545166
2017-02-08,2.9210166931152344
2017-02-09,2.866098165512085
2017-02-10,2.7981278896331787
2017-02-13,2.669081687927246
2017-02-14,2.6789321899414062
2017-02-15,2.6843502521514893
2017-02-16,2.6412527561187744
2017-02-17,2.6407599449157715
2017-02-21,2.7353291511535645
2017-02-22,2.7311365604400635
2017-02-23,2.4778976440429688
2017-02-24,2.5018160343170166
2017-02-27,2.5745577812194824
2017-02-28,2.5023086071014404
2017-03-01,2.534611225128174
2017-03-02,2.4411563873291016
2017-03-03,2.4271016120910645
2017-03-06,2.4083611965179443
2017-03-07,2.4347453117370605
2017-03-08,2.430307149887085
2017-03-09,2.4298136234283447
2017-03-10,2.444115161895752
2017-03-13,2.51143217086792
2017-03-14,2.509706497192383
2017-03-15,2.5286929607391357
2017-03-16,2.5597617626190186
2017-03-17,2.615490436553955
2017-03-20,2.6988346576690674
2017-03-21,2.611544609069824
2017-03-22,2.6648061275482178
2017-03-23,2.640641689300537
2017-03-24,2.650010824203491
2017-03-27,2.6692452430725098
2017-03-28,2.6554360389709473
2017-03-29,2.646806478500366
2017-03-30,2.697601556777954
2017-03-31,2.686011791229248
2017-04-03,2.6724495887756348
2017-04-04,2.485048532485962
2017-04-05,2.4665544033050537
2017-04-06,2.4845547676086426
2017-04-07,2.473952531814575
2017-04-10,2.410827398300171
2017-04-11,2.41945743560791
2017-04-12,2.3994851112365723
2017-04-13,2.3546066284179688
2017-04-17,2.4468274116516113
2017-04-18,2.4483067989349365
2017-04-19,2.4579246044158936
2017-04-20,2.496885061264038
2017-04-21,2.5072407722473145
2017-04-24,2.5385568141937256
2017-04-25,2.5826940536499023
2017-04-26,2.5649402141571045
2017-04-27,2.604886054992676
2017-04-28,2.571845293045044
2017-05-01,2.629544973373413
2017-05-02,2.5516247749328613
2017-05-03,2.5706124305725098
2017-05-04,2.5607492923736572
2017-05-05,2.5609958171844482
2017-05-08,2.5341176986694336
2017-05-09,2.5383095741271973
2017-05-10,2.9907867908477783
2017-05-11,3.1192550659179688
2017-05-12,3.1535303592681885
2017-05-15,3.311835527420044
2017-05-16,3.3734805583953857
2017-05-17,3.149338960647583
2017-05-18,3.2812600135803223
2017-05-19,3.3570406436920166
2017-05-22,3.428623676300049
2017-05-23,3.3824639320373535
2017-05-24,3.420478105545044
2017-05-25,3.4128260612487793
2017-05-26,3.501195192337036
2017-05-30,3.575988292694092
2017-05-31,3.56315279006958
2017-06-01,3.5634000301361084
2017-06-02,3.545626640319824
2017-06-05,3.653496026992798
2017-06-06,3.636957883834839
2017-06-07,3.6808950901031494
2017-06-08,3.9479777812957764
2017-06-09,3.6927437782287598
2017-06-12,3.7018775939941406
2017-06-13,3.737175941467285
2017-06-14,3.7450742721557617
2017-06-15,3.7611186504364014
2017-06-16,3.7426059246063232
2017-06-19,3.883305549621582
2017-06-20,3.877627372741699
2017-06-21,3.936375617980957
2017-06-22,3.909224510192871
2017-06-23,3.7971580028533936
2017-06-26,3.755688428878784
2017-06-27,3.6181976795196533
2017-06-28,3.7458150386810303
2017-06-29,3.620666265487671
2017-06-30,3.568335771560669
2017-07-03,3.4392380714416504
2017-07-05,3.5310635566711426
2017-07-06,3.5416769981384277
2017-07-07,3.6226415634155273
2017-07-10,3.7939493656158447
2017-07-11,3.84775972366333
2017-07-12,4.011416435241699
2017-07-13,3.965010166168213
2017-07-14,4.0716471672058105
2017-07-17,4.054366111755371
2017-07-18,4.096577167510986
2017-07-19,4.075346946716309
2017-07-20,4.134589672088623
2017-07-21,4.14940071105957
2017-07-24,4.101265907287598
2017-07-25,4.081517696380615
2017-07-26,4.128665447235107
2017-07-27,3.9924092292785645
2017-07-28,4.057822227478027
2017-07-31,4.011416435241699
2017-08-01,4.060290813446045
2017-08-02,4.057822227478027
2017-08-03,4.109411716461182
2017-08-04,4.127431392669678
2017-08-07,4.254308223724365
2017-08-08,4.203704357147217
2017-08-09,4.248383522033691
2017-08-10,4.066460609436035
2017-08-11,3.8497350215911865
2017-08-14,4.156806945800781
2017-08-15,4.121753692626953
2017-08-16,4.076583385467529
2017-08-17,3.985745668411255
2017-08-18,3.9864845275878906
2017-08-21,3.9284780025482178
2017-08-22,4.01593542098999
2017-08-23,4.096230983734131
2017-08-24,4.0811591148376465
2017-08-25,4.047065258026123
2017-08-28,4.075724124908447
2017-08-29,4.069052696228027
2017-08-30,4.093264579772949
2017-08-31,4.186158180236816
2017-09-01,4.211358547210693
2017-09-05,4.0989460945129395
2017-09-06,4.09647798538208
2017-09-07,4.115499973297119
2017-09-08,4.044100284576416
2017-09-11,4.175287246704102
2017-09-12,4.1903605461120605
2017-09-13,4.209134101867676
2017-09-14,4.185172080993652
2017-09-15,4.449771881103516
2017-09-18,4.633581161499023
2017-09-19,4.628641128540039
2017-09-20,4.591334819793701
2017-09-21,4.465828895568848
2017-09-22,4.422346115112305
2017-09-25,4.224701404571533
2017-09-26,4.248418807983398
2017-09-27,4.341558456420898
2017-09-28,4.3403239250183105
2017-09-29,4.416666030883789
2017-10-02,4.422346115112305
2017-10-03,4.431488990783691
2017-10-04,4.46854829788208
2017-10-05,4.466075420379639
2017-10-06,4.479171276092529
2017-10-09,4.5802178382873535
2017-10-10,4.6676764488220215
2017-10-11,4.717333793640137
2017-10-12,4.719559192657471
2017-10-13,4.807511806488037
2017-10-16,4.890028953552246
2017-10-17,4.885580062866211
2017-10-18,4.881383419036865
2017-10-19,4.88681697845459
2017-10-20,4.864583492279053
2017-10-23,4.857665538787842
2017-10-24,4.908558368682861
2017-10-25,4.784533500671387
2017-10-26,4.834687232971191
2017-10-27,4.987123966217041
2017-10-30,5.036040306091309
2017-10-31,5.1094160079956055
2017-11-01,5.119051933288574
2017-11-02,5.087922096252441
2017-11-03,5.1558637619018555
2017-11-06,5.179085731506348
2017-11-07,5.238381862640381
2017-11-08,5.167476177215576
2017-11-09,5.072604656219482
2017-11-10,5.339921474456787
2017-11-13,5.253204345703125
2017-11-14,5.291499614715576
2017-11-15,5.187735080718994
2017-11-16,5.228004455566406
2017-11-17,5.221828460693359
2017-11-20,5.289029598236084
2017-11-21,5.3376994132995605
2017-11-22,5.313718318939209
2017-11-24,5.3639044761657715
2017-11-27,5.294185161590576
2017-11-28,5.209385871887207
2017-11-29,4.856095314025879
2017-11-30,4.962155342102051
2017-12-01,4.887246131896973
2017-12-04,4.614798069000244
2017-12-05,4.641499996185303
2017-12-06,4.679077625274658
2017-12-07,4.7465715408325195
2017-12-08,4.734210968017578
2017-12-11,4.812582969665527
2017-12-12,4.7181396484375
2017-12-13,4.602931499481201
2017-12-14,4.610100746154785
2017-12-15,4.735941410064697
2017-12-18,4.8926849365234375
2017-12-19,4.848430156707764
2017-12-20,4.865489482879639
2017-12-21,4.842991828918457
2017-12-22,4.827663421630859
2017-12-26,4.881311416625977
2017-12-27,4.874636650085449
2017-12-28,4.8803229331970215
2017-12-29,4.783904552459717
2018-01-02,4.928533554077148
2018-01-03,5.252898693084717
2018-01-04,5.280590534210205
2018-01-05,5.325338363647461
2018-01-08,5.488509178161621
2018-01-09,5.487026691436768
2018-01-10,5.530044078826904
2018-01-11,5.539933204650879
2018-01-12,5.512738227844238
2018-01-16,5.4417829513549805
2018-01-17,5.555755615234375
2018-01-18,5.54883337020874
2018-01-19,5.689012050628662
2018-01-22,5.777522563934326
2018-01-23,5.906576156616211
2018-01-24,5.829689025878906
2018-01-25,5.843286037445068
2018-01-26,6.0158514976501465
2018-01-29,6.102876663208008
2018-01-30,6.000770568847656
2018-01-31,6.07691764831543
2018-02-01,5.945885181427002
2018-02-02,5.773319244384766
2018-02-05,5.283308029174805
2018-02-06,5.5770182609558105
2018-02-07,5.656624794006348
2018-02-08,5.377750873565674
2018-02-09,5.737718105316162
2018-02-12,5.6375885009765625
2018-02-13,5.751315593719482
2018-02-14,5.968631744384766
2018-02-15,6.094223499298096
2018-02-16,6.0284600257873535
2018-02-20,6.158007621765137
2018-02-21,5.970853805541992
2018-02-22,5.990398406982422
2018-02-23,6.083909511566162
2018-02-26,6.0999908447265625
2018-02-27,6.087125301361084
2018-02-28,5.986687660217285
2018-03-01,5.7444987297058105
2018-03-02,5.851615905761719
2018-03-05,5.829598903656006
2018-03-06,5.9906463623046875
2018-03-07,5.982730388641357
2018-03-08,5.966402530670166
2018-03-09,6.069066524505615
2018-03-12,6.178657531738281
2018-03-13,6.1279449462890625
2018-03-14,6.1534247398376465
2018-03-15,6.168267726898193
2018-03-16,6.196468830108643
2018-03-19,5.961948871612549
2018-03-20,6.174205303192139
2018-03-21,6.1489715576171875
2018-03-22,5.982977390289307
2018-03-23,5.763300895690918
2018-03-26,6.048038005828857
2018-03-27,5.5789995193481445
2018-03-28,5.475841045379639
2018-03-29,5.729160785675049
2018-04-02,5.468418121337891
2018-04-03,5.574793338775635
2018-04-04,5.596811294555664
2018-04-05,5.4765825271606445
2018-04-06,5.300197601318359
2018-04-09,5.328895568847656
2018-04-10,5.638124942779541
2018-04-11,5.596811294555664
2018-04-12,5.803622722625732
2018-04-13,5.726934909820557
2018-04-16,5.726686954498291
2018-04-17,5.876354217529297
2018-04-18,5.847410678863525
2018-04-19,5.666079998016357
2018-04-20,5.6579155921936035
2018-04-23,5.538430213928223
2018-04-24,5.47213077545166
2018-04-25,5.3598175048828125
2018-04-26,5.571578502655029
2018-04-27,5.5990376472473145
2018-04-30,5.563661098480225
2018-05-01,5.619075298309326
2018-05-02,5.598543167114258
2018-05-03,5.763795852661133
2018-05-04,5.913956165313721
2018-05-07,6.151939392089844
2018-05-08,6.194491863250732
2018-05-09,6.32758092880249
2018-05-10,6.435195446014404
2018-05-11,6.29665994644165
2018-05-14,6.317193031311035
2018-05-15,6.074755668640137
2018-05-16,6.085888385772705
2018-05-17,6.1279449462890625
2018-05-18,6.0841569900512695
2018-05-21,6.042102336883545
2018-05-22,6.004005432128906
2018-05-23,6.127526760101318
2018-05-24,6.1312384605407715
2018-05-25,6.170596599578857
2018-05-29,6.153517246246338
2018-05-30,6.262433052062988
2018-05-31,6.2426300048828125
2018-06-01,6.377042770385742
2018-06-04,6.5560102462768555
2018-06-05,6.561457633972168
2018-06-06,6.563438892364502
2018-06-07,6.507741928100586
2018-06-08,6.492393970489502
2018-06-11,6.451303958892822
2018-06-12,6.499818801879883
2018-06-13,6.495365619659424
2018-06-14,6.6070051193237305
2018-06-15,6.566160202026367
2018-06-18,6.561951637268066
2018-06-19,6.440164089202881
2018-06-20,6.493138313293457
2018-06-21,6.364418983459473
2018-06-22,6.2119340896606445
2018-06-25,5.919098377227783
2018-06-26,5.990142345428467
2018-06-27,5.83493709564209
2018-06-28,5.9621710777282715
2018-06-29,5.864147186279297
2018-07-02,5.996330261230469
2018-07-03,5.862661361694336
2018-07-05,6.008461952209473
2018-07-06,6.122328281402588
2018-07-09,6.169855117797852
2018-07-10,6.268868446350098
2018-07-11,6.127278804779053
2018-07-12,6.21886682510376
2018-07-13,6.1715874671936035
2018-07-16,6.143863201141357
2018-07-17,6.279760360717773
2018-07-18,6.230501174926758
2018-07-19,6.238667964935303
2018-07-20,6.210450172424316
2018-07-23,6.173816204071045
2018-07-24,6.156486511230469
2018-07-25,6.234709739685059
2018-07-26,6.308228492736816
2018-07-27,6.23842191696167
2018-07-30,6.043115615844727
2018-07-31,6.061185836791992
2018-08-01,6.101038932800293
2018-08-02,6.203765869140625
2018-08-03,6.240401744842529
2018-08-06,6.288176536560059
2018-08-07,6.360456466674805
2018-08-08,6.39684534072876
2018-08-09,6.348328113555908
2018-08-10,6.3069891929626465
2018-08-13,6.339911937713623
2018-08-14,6.471353530883789
2018-08-15,6.413182258605957
2018-08-16,6.372586727142334
2018-08-17,6.060195446014404
2018-08-20,6.134951591491699
2018-08-21,6.270602703094482
2018-08-22,6.505761623382568
2018-08-23,6.605271339416504
2018-08-24,6.7384467124938965
2018-08-27,6.829539775848389
2018-08-28,6.791913986206055
2018-08-29,6.89742374420166
2018-08-30,6.880581855773926
2018-08-31,6.951663494110107
2018-09-04,7.026459217071533
2018-09-05,6.895689487457275
2018-09-06,6.754516124725342
2018-09-07,6.73321533203125
2018-09-10,6.804298400878906
2018-09-11,6.756496429443359
2018-09-12,6.642568588256836
2018-09-13,6.720337390899658
2018-09-14,6.846401691436768
2018-09-17,6.784483909606934
2018-09-18,6.712410926818848
2018-09-19,6.7361884117126465
2018-09-20,6.595013618469238
2018-09-21,6.524922847747803
2018-09-24,6.580650806427002
2018-09-25,6.647769927978516
2018-09-26,6.610866069793701
2018-09-27,6.622754096984863
2018-09-28,6.9600830078125
2018-10-01,7.166642189025879
2018-10-02,7.095314025878906
2018-10-03,7.101504325866699
2018-10-04,6.917235851287842
2018-10-05,6.683681488037109
2018-10-08,6.582383632659912
2018-10-09,6.576687335968018
2018-10-10,6.085057258605957
2018-10-11,5.82351541519165
2018-10-12,6.106109619140625
2018-10-15,5.82970666885376
2018-10-16,6.08852481842041
2018-10-17,6.01992130279541
2018-10-18,5.932491779327393
2018-10-19,5.675902843475342
2018-10-22,5.726675033569336
2018-10-23,5.475041389465332
2018-10-24,4.9388298988342285
2018-10-25,5.147619247436523
2018-10-26,4.911092758178711
2018-10-29,4.597291469573975
2018-10-30,5.027746200561523
2018-10-31,5.221672058105469
2018-11-01,5.401979446411133
2018-11-02,5.322970867156982
2018-11-05,5.244953155517578
2018-11-06,5.2273688316345215
2018-11-07,5.294983386993408
2018-11-08,5.101800441741943
2018-11-09,5.093873500823975
2018-11-12,4.694378852844238
2018-11-13,4.936355113983154
2018-11-14,4.883848190307617
2018-11-15,5.012636661529541
2018-11-16,4.072474002838135
2018-11-19,3.5838167667388916
2018-11-20,3.6922969818115234
2018-11-21,3.5840647220611572
2018-11-23,3.5912458896636963
2018-11-26,3.790623188018799
2018-11-27,3.807464122772217
2018-11-28,3.9644882678985596
2018-11-29,3.9012696743011475
2018-11-30,4.0517578125
2018-12-03,4.21563196182251
2018-12-04,3.895070791244507
2018-12-06,3.924325704574585
2018-12-07,3.6595470905303955
2018-12-10,3.764913320541382
2018-12-11,3.673926830291748
2018-12-12,3.691528797149658
2018-12-13,3.6912803649902344
2018-12-14,3.630789279937744
2018-12-17,3.5596354007720947
2018-12-18,3.6429362297058105
2018-12-19,3.4339396953582764
2018-12-20,3.3493993282318115
2018-12-21,3.212299346923828
2018-12-24,3.1505672931671143
2018-12-26,3.2998147010803223
2018-12-27,3.251966714859009
2018-12-28,3.3134512901306152
2018-12-31,3.3097329139709473
2019-01-02,3.377166271209717
2019-01-03,3.1731271743774414
2019-01-04,3.37642240524292
2019-01-07,3.555172920227051
2019-01-08,3.466665029525757
2019-01-09,3.5348434448242188
2019-01-10,3.6005423069000244
2019-01-11,3.689793586730957
2019-01-14,3.729708671569824
2019-01-15,3.7155773639678955
2019-01-16,3.6900417804718018
2019-01-17,3.761442184448242
2019-01-18,3.890608310699463
2019-01-22,3.688305616378784
2019-01-23,3.701197624206543
2019-01-24,3.9131696224212646
2019-01-25,3.970438241958618
2019-01-28,3.421544075012207
2019-01-29,3.262626886367798
2019-01-30,3.4061732292175293
2019-01-31,3.563849449157715
2019-02-01,3.588146209716797
2019-02-04,3.6984705924987793
2019-02-05,3.717560291290283
2019-02-06,3.793175220489502
2019-02-07,3.6548373699188232
2019-02-08,3.6734306812286377
2019-02-11,3.630789279937744
2019-02-12,3.7478067874908447
2019-02-13,3.79020094871521
2019-02-14,3.8311078548431396
2019-02-15,3.900773763656616
2019-02-19,3.8834190368652344
2019-02-20,3.930771589279175
2019-02-21,3.861849308013916
2019-02-22,3.946638345718384
2019-02-25,3.9342422485351562
2019-02-26,3.8948230743408203
2019-02-27,3.852924108505249
2019-02-28,3.828354835510254
2019-03-01,3.8827059268951416
2019-03-04,3.8908956050872803
2019-03-05,3.8844432830810547
2019-03-06,3.773508310317993
2019-03-07,3.7042675018310547
2019-03-08,3.7385151386260986
2019-03-11,3.9990997314453125
2019-03-12,4.033348560333252
2019-03-13,4.184734344482422
2019-03-14,4.10879373550415
2019-03-15,4.214268207550049
2019-03-18,4.192925453186035
2019-03-19,4.360691547393799
2019-03-20,4.328182697296143
2019-03-21,4.564939498901367
2019-03-22,4.405115604400635
2019-03-25,4.312793254852295
2019-03-26,4.389481544494629
2019-03-27,4.38029670715332
2019-03-28,4.398910045623779
2019-03-29,4.456240177154541
2019-04-01,4.52374267578125
2019-04-02,4.541610240936279
2019-04-03,4.681086540222168
2019-04-04,4.672152519226074
2019-04-05,4.7389116287231445
2019-04-08,4.759757995605469
2019-04-09,4.696969509124756
2019-04-10,4.767452239990234
2019-04-11,4.753553867340088
2019-04-12,4.715582847595215
2019-04-15,4.583800792694092
2019-04-16,4.670909881591797
2019-04-17,4.648077964782715
2019-04-18,4.623509407043457
2019-04-22,4.677364826202393
2019-04-23,4.731962203979492
2019-04-24,4.7443718910217285
2019-04-25,4.638648509979248
2019-04-26,4.419757843017578
2019-04-29,4.45053243637085
2019-04-30,4.491977214813232
2019-05-01,4.478825569152832
2019-05-02,4.546326637268066
2019-05-03,4.5418596267700195
2019-05-06,4.463436126708984
2019-05-07,4.296165943145752
2019-05-08,4.316267967224121
2019-05-09,4.22369909286499
2019-05-10,4.189699649810791
2019-05-13,3.9323413372039795
2019-05-14,4.0214362144470215
2019-05-15,3.9603846073150635
2019-05-16,3.9755239486694336
2019-05-17,3.884690999984741
2019-05-20,3.7660634517669678
2019-05-21,3.8482091426849365
2019-05-22,3.7772316932678223
2019-05-23,3.656121015548706
2019-05-24,3.6022679805755615
2019-05-28,3.5570998191833496
2019-05-29,3.4828951358795166
2019-05-30,3.4563095569610596
2019-05-31,3.3656229972839355
2019-06-03,3.3238816261291504
2019-06-04,3.5529606342315674
2019-06-05,3.510225296020508
2019-06-06,3.5723400115966797
2019-06-07,3.6150755882263184
2019-06-10,3.687873125076294
2019-06-11,3.745515823364258
2019-06-12,3.632467031478882
2019-06-13,3.683649778366089
2019-06-14,3.593707799911499
2019-06-17,3.603397846221924
2019-06-18,3.798438310623169
2019-06-19,3.804401159286499
2019-06-20,3.828749656677246
2019-06-21,3.7706100940704346
2019-06-24,3.7929720878601074
2019-06-25,3.763653516769409
2019-06-26,3.9569544792175293
2019-06-27,4.055593013763428
2019-06-28,4.080438137054443
2019-07-01,4.1286396980285645
2019-07-02,4.030745983123779
2019-07-03,4.043665885925293
2019-07-05,3.981055498123169
2019-07-08,3.9060208797454834
2019-07-09,3.908505439758301
2019-07-10,3.976832151412964
2019-07-11,4.131372451782227
2019-07-12,4.164416790008545
2019-07-15,4.155970573425293
2019-07-16,4.151248931884766
2019-07-17,4.2165937423706055
2019-07-18,4.228271961212158
2019-07-19,4.185039043426514
2019-07-22,4.256595611572266
2019-07-23,4.36442756652832
2019-07-24,4.438964366912842
2019-07-25,4.307778358459473
2019-07-26,4.349767684936523
2019-07-29,4.343555450439453
2019-07-30,4.3592095375061035
2019-07-31,4.191996097564697
2019-08-01,4.097580909729004
2019-08-02,4.004907131195068
2019-08-05,3.7465100288391113
2019-08-06,3.785268783569336
2019-08-07,3.8235323429107666
2019-08-08,3.9321091175079346
2019-08-09,3.8307368755340576
2019-08-12,3.762908458709717
2019-08-13,3.877199411392212
2019-08-14,3.728621244430542
2019-08-15,3.6963212490081787
2019-08-16,3.9644081592559814
2019-08-19,4.243179798126221
2019-08-20,4.1708784103393555
2019-08-21,4.254360198974609
2019-08-22,4.26057243347168
2019-08-23,4.035964488983154
2019-08-26,4.110750198364258
2019-08-27,4.020064830780029
2019-08-28,4.009617328643799
2019-08-29,4.153369426727295
2019-08-30,4.166051864624023
2019-09-03,4.082984924316406
2019-09-04,4.197140693664551
2019-09-05,4.470219612121582
2019-09-06,4.44310998916626
2019-09-09,4.489120006561279
2019-09-10,4.555773735046387
2019-09-11,4.584373950958252
2019-09-12,4.582881927490234
2019-09-13,4.524933338165283
2019-09-16,4.481907844543457
2019-09-17,4.503296852111816
2019-09-18,4.476186275482178
2019-09-19,4.400579929351807
2019-09-20,4.294881820678711
2019-09-23,4.348353862762451
2019-09-24,4.2909016609191895
2019-09-25,4.432663917541504
2019-09-26,4.410530090332031
2019-09-27,4.271751403808594
2019-09-30,4.329202651977539
2019-10-01,4.3274617195129395
2019-10-02,4.303587436676025
2019-10-03,4.509266376495361
2019-10-04,4.525680065155029
2019-10-07,4.584373950958252
2019-10-08,4.407793998718262
2019-10-09,4.4943437576293945
2019-10-10,4.552041530609131
2019-10-11,4.625659465789795
2019-10-14,4.639089107513428
2019-10-15,4.883815288543701
2019-10-16,4.830094814300537
2019-10-17,4.832084655761719
2019-10-18,4.737576007843018
2019-10-21,4.874860763549805
2019-10-22,4.864912986755371
2019-10-23,4.851980209350586
2019-10-24,4.896001815795898
2019-10-25,5.087005615234375
2019-10-28,5.142965793609619
2019-10-29,5.046717643737793
2019-10-30,5.048706531524658
2019-10-31,4.999462604522705
2019-11-01,5.038509368896484
2019-11-04,5.23523473739624
2019-11-05,5.213098526000977
2019-11-06,5.163856029510498
2019-11-07,5.18151330947876
2019-11-08,5.167587757110596
2019-11-11,5.177534580230713
2019-11-12,5.213098526000977
2019-11-13,5.187233924865723
2019-11-14,5.217576026916504
2019-11-15,5.078301906585693
2019-11-18,5.279502868652344
2019-11-19,5.17280912399292
2019-11-20,5.2521467208862305
2019-11-21,5.227275848388672
2019-11-22,5.244933128356934
2019-11-25,5.501596927642822
2019-11-26,5.39689302444458
2019-11-27,5.431735992431641
2019-11-29,5.39440393447876
2019-12-02,5.207985877990723
2019-12-03,5.168413162231445
2019-12-04,5.212217330932617
2019-12-05,5.195293426513672
2019-12-06,5.280661582946777
2019-12-09,5.280661582946777
2019-12-10,5.325710296630859
2019-12-11,5.409336090087891
2019-12-12,5.576837539672852
2019-12-13,5.5748467445373535
2019-12-16,5.603719234466553
2019-12-17,5.681870937347412
2019-12-18,5.712234020233154
2019-12-19,5.860323429107666
2019-12-20,5.957637786865234
2019-12-23,5.943949222564697
2019-12-24,5.938971519470215
2019-12-26,5.953158378601074
2019-12-27,5.895415306091309
2019-12-30,5.782172203063965
2019-12-31,5.8563408851623535
2020-01-02,5.971077919006348
2020-01-03,5.875504016876221
2020-01-06,5.900144100189209
2020-01-07,5.971575736999512
2020-01-08,5.9827752113342285
2020-01-09,6.048481464385986
2020-01-10,6.080837249755859
2020-01-13,6.271485805511475
2020-01-14,6.1545090675354
2020-01-15,6.1119489669799805
2020-01-16,6.19557523727417
2020-01-17,6.204285621643066
2020-01-21,6.170934200286865
2020-01-22,6.2249436378479
2020-01-23,6.293386459350586
2020-01-24,6.234152793884277
2020-01-27,5.97829532623291
2020-01-28,6.171682834625244
2020-01-29,6.111201763153076
2020-01-30,6.117922306060791
2020-01-31,5.884464263916016
2020-02-03,5.981530666351318
2020-02-04,6.1507744789123535
2020-02-05,6.241121768951416
2020-02-06,6.327983379364014
2020-02-07,6.261778831481934
2020-02-10,6.54501485824585
2020-02-11,6.66746711730957
2020-02-12,6.783200740814209
2020-02-13,6.739396095275879
2020-02-14,7.2125325202941895
2020-02-18,7.3812785148620605
2020-02-19,7.8325114250183105
2020-02-20,7.683180332183838
2020-02-21,7.319056987762451
2020-02-24,6.801616668701172
2020-02-25,6.522115707397461
2020-02-26,6.661494255065918
2020-02-27,6.290677070617676
2020-02-28,6.72574520111084
2020-03-02,6.884133338928223
2020-03-03,6.621647357940674
2020-03-04,7.085354804992676
2020-03-05,6.805934429168701
2020-03-06,6.6253838539123535
2020-03-09,6.112367153167725
2020-03-10,6.501860618591309
2020-03-11,6.138016700744629
2020-03-12,5.3869218826293945
2020-03-13,5.997808456420898
2020-03-16,4.891088485717773
2020-03-17,5.410830020904541
2020-03-18,5.050969123840332
2020-03-19,5.303743839263916
2020-03-20,5.123938083648682
2020-03-23,5.296769618988037
2020-03-24,6.205507278442383
2020-03-25,6.116847515106201
2020-03-26,6.406230926513672
2020-03-27,6.293915271759033
2020-03-30,6.6141767501831055
2020-03-31,6.564618110656738
2020-04-01,6.053345203399658
2020-04-02,6.3621506690979
2020-04-03,6.074263572692871
2020-04-06,6.684154987335205
2020-04-07,6.450808525085449
2020-04-08,6.648044109344482
2020-04-09,6.548430919647217
2020-04-13,6.720267295837402
2020-04-14,7.071408271789551
2020-04-15,6.993957996368408
2020-04-16,7.3391218185424805
2020-04-17,7.279851913452148
2020-04-20,7.148611068725586
2020-04-21,6.711798667907715
2020-04-22,7.126197338104248
2020-04-23,7.072901725769043
2020-04-24,7.211864948272705
2020-04-27,7.39839506149292
2020-04-28,7.25594425201416
2020-04-29,7.432762145996094
2020-04-30,7.27885627746582
2020-05-01,7.042269706726074
2020-05-04,7.254201889038086
2020-05-05,7.315215587615967
2020-05-06,7.416075229644775
2020-05-07,7.592394828796387
2020-05-08,7.782409191131592
2020-05-11,8.03443431854248
2020-05-12,7.772447109222412
2020-05-13,7.750034332275391
2020-05-14,7.999570369720459
2020-05-15,8.458049774169922
2020-05-18,8.716545104980469
2020-05-19,8.771583557128906
2020-05-20,8.935449600219727
2020-05-21,8.741451263427734
2020-05-22,8.991483688354492
2020-05-26,8.684172630310059
2020-05-27,8.492416381835938
2020-05-28,8.454316139221191
2020-05-29,8.841315269470215
2020-06-01,8.772332191467285
2020-06-02,8.791259765625
2020-06-03,8.735721588134766
2020-06-04,8.736721992492676
2020-06-05,8.88969898223877
2020-06-08,8.775089263916016
2020-06-09,9.01527214050293
2020-06-10,9.334929466247559
2020-06-11,8.76636791229248
2020-06-12,8.902155876159668
2020-06-15,9.142586708068848
2020-06-16,9.037694931030273
2020-06-17,9.204625129699707
2020-06-18,9.186686515808105
2020-06-19,9.229788780212402
2020-06-22,9.49438762664795
2020-06-23,9.41789722442627
2020-06-24,9.204127311706543
2020-06-25,9.457762718200684
2020-06-26,9.1239013671875
2020-06-29,9.168747901916504
2020-06-30,9.465487480163574
2020-07-01,9.497626304626465
2020-07-02,9.579597473144531
2020-07-06,9.805825233459473
2020-07-07,9.838214874267578
2020-07-08,10.181295394897461
2020-07-09,10.473299980163574
2020-07-10,10.443653106689453
2020-07-13,10.018101692199707
2020-07-14,10.341752052307129
2020-07-15,10.19250774383545
2020-07-16,10.100323677062988
2020-07-17,10.166845321655273
2020-07-20,10.475044250488281
2020-07-21,10.293413162231445
2020-07-22,10.403289794921875
2020-07-23,10.0953369140625
2020-07-24,10.159869194030762
2020-07-27,10.386099815368652
2020-07-28,10.180797576904297
2020-07-29,10.429946899414062
2020-07-30,10.577943801879883
2020-07-31,10.578691482543945
2020-08-03,10.972850799560547
2020-08-04,11.189608573913574
2020-08-05,11.248408317565918
2020-08-06,11.296995162963867
2020-08-07,11.161456108093262
2020-08-10,11.127074241638184
2020-08-11,10.813143730163574
2020-08-12,11.401389122009277
2020-08-13,11.404128074645996
2020-08-14,11.524717330932617
2020-08-17,12.295090675354004
2020-08-18,12.219100952148438
2020-08-19,12.097267150878906
2020-08-20,12.099756240844727
2020-08-21,12.640413284301758
2020-08-24,12.677041053771973
2020-08-25,12.706689834594727
2020-08-26,12.72961139678955
2020-08-27,12.58535099029541
2020-08-28,13.10308837890625
2020-08-31,13.329069137573242
2020-09-01,13.77817153930664
2020-09-02,14.302042961120605
2020-09-03,12.975166320800781
2020-09-04,12.583386421203613
2020-09-08,11.876084327697754
2020-09-09,12.675597190856934
2020-09-10,12.273598670959473
2020-09-11,12.126803398132324
2020-09-14,12.83236026763916
2020-09-15,12.950745582580566
2020-09-16,12.47572135925293
2020-09-17,12.424877166748047
2020-09-18,12.15147876739502
2020-09-21,12.478461265563965
2020-09-22,12.598588943481445
2020-09-23,12.086179733276367
2020-09-24,12.309736251831055
2020-09-25,12.833854675292969
2020-09-28,12.994606971740723
2020-09-29,13.184765815734863
2020-09-30,13.488572120666504
2020-10-01,13.572311401367188
2020-10-02,13.021774291992188
2020-10-05,13.600223541259766
2020-10-06,13.693934440612793
2020-10-07,13.920727729797363
2020-10-08,13.795866012573242
2020-10-09,13.720100402832031
2020-10-12,14.181917190551758
2020-10-13,14.204099655151367
2020-10-14,14.0515718460083
2020-10-15,13.926711082458496
2020-10-16,13.768701553344727
2020-10-19,13.455923080444336
2020-10-20,13.603216171264648
2020-10-21,13.482836723327637
2020-10-22,13.319596290588379
2020-10-23,13.548136711120605
2020-10-26,13.100526809692383
2020-10-27,13.355237007141113
2020-10-28,12.587871551513672
2020-10-29,12.983640670776367
2020-10-30,12.495162010192871
2020-11-02,12.541763305664062
2020-11-03,12.979153633117676
2020-11-04,13.751504898071289
2020-11-05,14.116121292114258
2020-11-06,14.516876220703125
2020-11-09,13.588510513305664
2020-11-10,12.730426788330078
2020-11-11,13.376420974731445
2020-11-12,13.415048599243164
2020-11-13,13.255796432495117
2020-11-16,13.473369598388672
2020-11-17,13.380656242370605
2020-11-18,13.387136459350586
2020-11-19,13.398600578308105
2020-11-20,13.04719352722168
2020-11-23,13.099283218383789
2020-11-24,12.917596817016602
2020-11-25,13.193737983703613
2020-11-27,13.220155715942383
2020-11-30,13.359970092773438
2020-12-01,13.348506927490234
2020-12-02,13.50252914428711
2020-12-03,13.358431816101074
2020-12-04,13.52022933959961
2020-12-07,13.568592071533203
2020-12-08,13.312565803527832
2020-12-09,12.894487380981445
2020-12-10,12.935872077941895
2020-12-11,12.976758003234863
2020-12-14,13.271428108215332
2020-12-15,13.323036193847656
2020-12-16,13.205363273620605
2020-12-17,13.303834915161133
2020-12-18,13.234779357910156
2020-12-21,13.294862747192383
2020-12-22,13.241012573242188
2020-12-23,12.97276782989502
2020-12-24,12.95731258392334
2020-12-28,12.863824844360352
2020-12-29,12.906952857971191
2020-12-30,13.108882904052734
2020-12-31,13.018388748168945
2021-01-04,13.076726913452148
2021-01-05,13.36716079711914
2021-01-06,12.579124450683594
2021-01-07,13.30657958984375
2021-01-08,13.239518165588379
2021-01-11,13.583300590515137
2021-01-12,13.44693660736084
2021-01-13,13.493802070617676
2021-01-14,13.163228988647461
2021-01-15,12.82343864440918
2021-01-19,12.988723754882812
2021-01-20,13.328269958496094
2021-01-21,13.828611373901367
2021-01-22,13.67404556274414
2021-01-25,13.61496353149414
2021-01-26,13.397571563720703
2021-01-27,12.881525993347168
2021-01-28,13.014400482177734
2021-01-29,12.953324317932129
2021-02-01,13.199880599975586
2021-02-02,13.518733978271484
2021-02-03,13.492554664611816
2021-02-04,13.625931739807129
2021-02-05,13.552886009216309
2021-02-08,14.398259162902832
2021-02-09,14.22325325012207
2021-02-10,14.722845077514648
2021-02-11,15.20798110961914
2021-02-12,14.919294357299805
2021-02-16,15.287259101867676
2021-02-17,14.864198684692383
2021-02-18,14.787413597106934
2021-02-19,14.884641647338867
2021-02-22,14.315492630004883
2021-02-23,14.102343559265137
2021-02-24,14.458341598510742
2021-02-25,13.270181655883789
2021-02-26,13.676042556762695
2021-03-01,13.802931785583496
2021-03-02,13.36865520477295
2021-03-03,12.768841743469238
2021-03-04,12.33555793762207
2021-03-05,12.426555633544922
2021-03-08,11.56074047088623
2021-03-09,12.489447593688965
2021-03-10,12.437578201293945
2021-03-11,12.96153450012207
2021-03-12,12.824374198913574
2021-03-15,13.158797264099121
2021-03-16,13.258551597595215
2021-03-17,13.308428764343262
2021-03-18,12.691203117370605
2021-03-19,12.81414794921875
2021-03-22,13.153809547424316
2021-03-23,13.038592338562012
2021-03-24,12.611898422241211
2021-03-25,12.504411697387695
2021-03-26,12.807663917541504
2021-03-29,12.916394233703613
2021-03-30,12.840084075927734
2021-03-31,13.315411567687988
2021-04-01,13.777772903442383
2021-04-05,13.953088760375977
2021-04-06,13.827397346496582
2021-04-07,14.108705520629883
2021-04-08,14.281779289245605
2021-04-09,14.364574432373047
2021-04-12,15.171585083007812
2021-04-13,15.640925407409668
2021-04-14,15.239418983459473
2021-04-15,16.097549438476562
2021-04-16,15.87335205078125
2021-04-19,15.323958396911621
2021-04-20,15.133928298950195
2021-04-21,15.322712898254395
2021-04-22,14.81371784210205
2021-04-23,15.22769546508789
2021-04-26,15.439924240112305
2021-04-27,15.343907356262207
2021-04-28,15.239168167114258
2021-04-29,15.287050247192383
2021-04-30,14.972574234008789
2021-05-03,14.800249099731445
2021-05-04,14.315943717956543
2021-05-05,14.422931671142578
2021-05-06,14.487271308898926
2021-05-07,14.775809288024902
2021-05-10,14.23065185546875
2021-05-11,14.2710542678833
2021-05-12,13.724653244018555
2021-05-13,13.631630897521973
2021-05-14,14.207959175109863
2021-05-17,14.130651473999023
2021-05-18,13.981269836425781
2021-05-19,14.031146049499512
2021-05-20,14.576552391052246
2021-05-21,14.95486831665039
2021-05-24,15.573592185974121
2021-05-25,15.6092529296875
2021-05-26,15.661376953125
2021-05-27,15.449896812438965
2021-05-28,16.20453453063965
2021-06-01,16.2244873046875
2021-06-02,16.736970901489258
2021-06-03,16.92799949645996
2021-06-04,17.535005569458008
2021-06-07,17.575653076171875
2021-06-08,17.414052963256836
2021-06-09,17.319517135620117
2021-06-10,17.38611602783203
2021-06-11,17.78547477722168
2021-06-14,17.978538513183594
2021-06-15,17.74880599975586
2021-06-16,17.770503997802734
2021-06-17,18.615619659423828
2021-06-18,18.597156524658203
2021-06-21,18.386131286621094
2021-06-22,18.844602584838867
2021-06-23,19.014724731445312
2021-06-24,19.16264533996582
2021-06-25,18.988534927368164
2021-06-28,19.940404891967773
2021-06-29,19.98206329345703
2021-06-30,19.95786476135254
2021-07-01,20.16689682006836
2021-07-02,20.441282272338867
2021-07-06,20.652313232421875
2021-07-07,20.326292037963867
2021-07-08,19.858341217041016
2021-07-09,20.00550651550293
2021-07-12,20.466726303100586
2021-07-13,20.204811096191406
2021-07-14,19.797224044799805
2021-07-15,18.923927307128906
2021-07-16,18.120473861694336
2021-07-19,18.737844467163086
2021-07-20,18.570470809936523
2021-07-21,19.36668586730957
2021-07-22,19.550277709960938
2021-07-23,19.514358520507812
2021-07-26,19.25094985961914
2021-07-27,19.16514015197754
2021-07-28,19.459476470947266
2021-07-29,19.618122100830078
2021-07-30,19.455488204956055
2021-08-02,19.705930709838867
2021-08-03,19.77078628540039
2021-08-04,20.228757858276367
2021-08-05,20.59095001220703
2021-08-06,20.320552825927734
2021-08-09,20.249713897705078
2021-08-10,19.891511917114258
2021-08-11,19.655040740966797
2021-08-12,19.86058807373047
2021-08-13,20.1429500579834
2021-08-16,19.905485153198242
2021-08-17,19.414579391479492
2021-08-18,18.997507095336914
2021-08-19,19.753820419311523
2021-08-20,20.76955223083496
2021-08-23,21.90900421142578
2021-08-24,21.744367599487305
2021-08-25,22.163429260253906
2021-08-26,22.018760681152344
2021-08-27,22.585487365722656
2021-08-30,22.63736915588379
2021-08-31,22.338985443115234
2021-09-01,22.394874572753906
2021-09-02,22.34996795654297
2021-09-03,22.796045303344727
2021-09-07,22.61541748046875
2021-09-08,22.29308319091797
2021-09-09,22.131410598754883
2021-09-10,22.431798934936523
2021-09-13,22.106468200683594
2021-09-14,22.1962833404541
2021-09-15,22.295076370239258
2021-09-16,22.1962833404541
2021-09-17,21.854984283447266
2021-09-20,21.069602966308594
2021-09-21,21.202329635620117
2021-09-22,21.895898818969727
2021-09-23,22.435789108276367
2021-09-24,22.035612106323242
2021-09-27,21.615476608276367
2021-09-28,20.656457901000977
2021-09-29,20.474821090698242
2021-09-30,20.673416137695312
2021-10-01,20.699363708496094
2021-10-04,19.691438674926758
2021-10-05,20.40896224975586
2021-10-06,20.657455444335938
2021-10-07,21.031675338745117
2021-10-08,20.788177490234375
2021-10-11,20.652462005615234
2021-10-12,20.628507614135742
2021-10-13,20.895957946777344
2021-10-14,21.70130157470703
2021-10-15,21.817060470581055
2021-10-18,22.176321029663086
2021-10-19,22.244182586669922
2021-10-20,22.05756950378418
2021-10-21,22.645357131958008
2021-10-22,22.679290771484375
2021-10-25,23.11838150024414
2021-10-26,24.66619300842285
2021-10-27,24.400737762451172
2021-10-28,24.889732360839844
2021-10-29,25.514446258544922
2021-11-01,25.77391242980957
2021-11-02,26.34672737121582
2021-11-03,26.5433292388916
2021-11-04,29.7397403717041
2021-11-05,29.690841674804688
2021-11-08,30.74068260192871
2021-11-09,30.593982696533203
2021-11-10,29.398441314697266
2021-11-11,30.327531814575195
2021-11-12,30.327531814575195
2021-11-15,29.963279724121094
2021-11-16,30.140918731689453
2021-11-17,29.200851440429688
2021-11-18,31.609891891479492
2021-11-19,32.917198181152344
2021-11-22,31.890317916870117
2021-11-23,31.680747985839844
2021-11-24,32.606834411621094
2021-11-26,31.438241958618164
2021-11-29,33.307395935058594
2021-11-30,32.60883331298828
2021-12-01,31.374221801757812
2021-12-02,32.06387710571289
2021-12-03,30.63365936279297
2021-12-06,29.97892951965332
2021-12-07,32.36431121826172
2021-12-08,31.764467239379883
2021-12-09,30.431049346923828
2021-12-10,30.139616012573242
2021-12-13,28.106552124023438
2021-12-14,28.282215118408203
2021-12-15,30.400108337402344
2021-12-16,28.332117080688477
2021-12-17,27.747251510620117
2021-12-20,27.665409088134766
2021-12-21,29.018789291381836
2021-12-22,29.343158721923828
2021-12-23,29.582693099975586
2021-12-27,30.88517189025879
2021-12-28,30.263376235961914
2021-12-29,29.942996978759766
2021-12-30,29.5288028717041
2021-12-31,29.354141235351562
2022-01-03,30.062768936157227
2022-01-04,29.23337173461914
2022-01-05,27.55063247680664
2022-01-06,28.123519897460938
2022-01-07,27.194318771362305
2022-01-10,27.347023010253906
2022-01-11,27.763221740722656
2022-01-12,27.944869995117188
2022-01-13,26.523622512817383
2022-01-14,26.889907836914062
2022-01-18,25.852922439575195
2022-01-19,25.018535614013672
2022-01-20,24.103309631347656
2022-01-21,23.328811645507812
2022-01-24,23.326814651489258
2022-01-25,22.280839920043945
2022-01-26,22.72797393798828
2022-01-27,21.901575088500977
2022-01-28,22.79584312438965
2022-01-31,24.43865966796875
2022-02-01,24.59036636352539
2022-02-02,25.19319725036621
2022-02-03,23.90169906616211
2022-02-04,24.271982192993164
2022-02-07,24.68018913269043
2022-02-08,25.05945587158203
2022-02-09,26.65336799621582
2022-02-10,25.774072647094727
2022-02-11,23.902694702148438
2022-02-14,24.2200870513916
2022-02-15,26.443775177001953
2022-02-16,26.459747314453125
2022-02-17,24.459617614746094
2022-02-18,23.59629249572754
2022-02-22,23.344778060913086
2022-02-23,22.34371566772461
2022-02-24,23.70208740234375
2022-02-25,24.11029815673828
2022-02-28,24.337854385375977
2022-03-01,23.431612014770508
2022-03-02,24.177291870117188
2022-03-03,23.672183990478516
2022-03-04,22.895559310913086
2022-03-07,21.314350128173828
2022-03-08,21.47606086730957
2022-03-09,22.973419189453125
2022-03-10,22.618043899536133
2022-03-11,22.061031341552734
2022-03-14,21.292390823364258
2022-03-15,22.9324893951416
2022-03-16,24.45280647277832
2022-03-17,24.722333908081055
2022-03-18,26.406352996826172
2022-03-21,26.686859130859375
2022-03-22,26.477230072021484
2022-03-23,25.588802337646484
2022-03-24,28.100364685058594
2022-03-25,27.643173217773438
2022-03-28,28.169240951538086
2022-03-29,28.60546875
2022-03-30,27.641178131103516
2022-03-31,27.237886428833008
2022-04-01,26.664899826049805
2022-04-04,27.311756134033203
2022-04-05,25.885272979736328
2022-04-06,24.363964080810547
2022-04-07,24.165313720703125
2022-04-08,23.078229904174805
2022-04-11,21.87835121154785
2022-04-12,21.466083526611328
2022-04-13,22.163850784301758
2022-04-14,21.22051429748535
2022-04-18,21.74458885192871
2022-04-19,22.158857345581055
2022-04-20,21.444120407104492
2022-04-21,20.147411346435547
2022-04-22,19.480592727661133
2022-04-25,19.866907119750977
2022-04-26,18.754871368408203
2022-04-27,18.382530212402344
2022-04-28,19.747116088867188
2022-04-29,18.514291763305664
2022-05-02,19.498559951782227
2022-05-03,19.56743049621582
2022-05-04,20.29814338684082
2022-05-05,18.810773849487305
2022-05-06,18.64206886291504
2022-05-09,16.92011070251465
2022-05-10,17.563980102539062
2022-05-11,16.600677490234375
2022-05-12,16.14647674560547
2022-05-13,17.674779891967773
2022-05-16,17.233558654785156
2022-05-17,18.14494514465332
2022-05-18,16.908138275146484
2022-05-19,17.09380531311035
2022-05-20,16.664562225341797
2022-05-23,16.86820411682129
2022-05-24,16.12551498413086
2022-05-25,16.945066452026367
2022-05-26,17.81951904296875
2022-05-27,18.77783203125
2022-05-31,18.639074325561523
2022-06-01,18.28769302368164
2022-06-02,19.557453155517578
2022-06-03,18.68699073791504
2022-06-06,18.752872467041016
2022-06-07,18.892629623413086
2022-06-08,18.619049072265625
2022-06-09,18.01998519897461
2022-06-10,16.947650909423828
2022-06-13,15.622712135314941
2022-06-14,15.811419486999512
2022-06-15,16.5013484954834
2022-06-16,15.5767822265625
2022-06-17,15.855350494384766
2022-06-21,16.540287017822266
2022-06-22,16.334606170654297
2022-06-23,16.199813842773438
2022-06-24,17.099416732788086
2022-06-27,16.842815399169922
2022-06-28,15.957192420959473
2022-06-29,15.517874717712402
2022-06-30,15.13547134399414
2022-07-01,14.50045394897461
2022-07-05,14.940773010253906
2022-07-06,15.106514930725098
2022-07-07,15.83338451385498
2022-07-08,15.813416481018066
2022-07-11,15.12847900390625
2022-07-12,15.058587074279785
2022-07-13,15.140460968017578
2022-07-14,15.348138809204102
2022-07-15,15.737532615661621
2022-07-18,16.076004028320312
2022-07-19,16.965625762939453
2022-07-20,17.779354095458984
2022-07-21,18.021982192993164
2022-07-22,17.292116165161133
2022-07-25,16.99757194519043
2022-07-26,16.50733757019043
2022-07-27,17.76239013671875
2022-07-28,17.956079483032227
2022-07-29,18.134807586669922
2022-08-01,18.41237449645996
2022-08-02,18.49724006652832
2022-08-03,18.863676071166992
2022-08-04,19.18517303466797
2022-08-05,18.959522247314453
2022-08-08,17.765382766723633
2022-08-09,17.059476852416992
2022-08-10,18.068906784057617
2022-08-11,17.914146423339844
2022-08-12,18.679956436157227
2022-08-15,19.00245475769043
2022-08-16,18.84969139099121
2022-08-17,18.30653953552246
2022-08-18,18.743860244750977
2022-08-19,17.8212947845459
2022-08-22,17.007556915283203
2022-08-23,17.15433120727539
2022-08-24,17.19526481628418
2022-08-25,17.88519287109375
2022-08-26,16.234760284423828
2022-08-29,15.776473045349121
2022-08-30,15.443990707397461
2022-08-31,15.070568084716797
2022-09-01,13.915366172790527
2022-09-02,13.62581729888916
2022-09-06,13.444099426269531
2022-09-07,13.696781158447266
2022-09-08,13.972434997558594
2022-09-09,14.368935585021973
2022-09-12,14.486786842346191
2022-09-13,13.114511489868164
2022-09-14,13.111516952514648
2022-09-15,12.91276741027832
2022-09-16,13.181427955627441
2022-09-19,13.365198135375977
2022-09-20,13.159456253051758
2022-09-21,13.24435043334961
2022-09-22,12.545228004455566
2022-09-23,12.500285148620605
2022-09-26,12.212646484375
2022-09-27,12.397416114807129
2022-09-28,12.720009803771973
2022-09-29,12.204658508300781
2022-09-30,12.123757362365723
2022-10-03,12.496289253234863
2022-10-04,13.150466918945312
2022-10-05,13.192415237426758
2022-10-06,13.113515853881836
2022-10-07,12.06083869934082
2022-10-10,11.65534782409668
2022-10-11,11.571455001831055
2022-10-12,11.485563278198242
2022-10-13,11.944982528686523
2022-10-14,11.21290397644043
2022-10-17,11.873074531555176
2022-10-18,11.95197582244873
2022-10-19,12.035869598388672
2022-10-20,12.178689956665039
2022-10-21,12.450347900390625
2022-10-24,12.58318042755127
2022-10-25,13.24435043334961
2022-10-26,12.879805564880371
2022-10-27,13.159456253051758
2022-10-28,13.816631317138672
2022-10-31,13.48005485534668
2022-11-01,13.525994300842285
2022-11-02,13.202402114868164
2022-11-03,13.404147148132324
2022-11-04,14.138227462768555
2022-11-07,14.28304386138916
2022-11-08,14.583666801452637
2022-11-09,13.758702278137207
2022-11-10,15.730225563049316
2022-11-11,16.306501388549805
2022-11-14,16.27454376220703
2022-11-15,16.64507484436035
2022-11-16,15.890022277832031
2022-11-17,15.657317161560059
2022-11-18,15.389653205871582
2022-11-21,15.297767639160156
2022-11-22,16.017860412597656
2022-11-23,16.498258590698242
2022-11-25,16.24957275390625
2022-11-28,15.807126998901367
2022-11-29,15.619363784790039
2022-11-30,16.906076431274414
2022-12-01,17.11786460876465
2022-12-02,16.8591251373291
2022-12-05,16.593387603759766
2022-12-06,15.971013069152832
2022-12-07,16.103878021240234
2022-12-08,17.151830673217773
2022-12-09,16.983997344970703
2022-12-12,17.51746368408203
2022-12-13,18.053924560546875
2022-12-14,17.656326293945312
2022-12-15,16.93504524230957
2022-12-16,16.55443000793457
2022-12-19,16.237747192382812
2022-12-20,16.06891441345215
2022-12-21,16.4844970703125
2022-12-22,15.32365894317627
2022-12-23,15.190793991088867
2022-12-27,14.106879234313965
2022-12-28,14.021963119506836
2022-12-29,14.588395118713379
2022-12-30,14.599385261535645
2023-01-03,14.300682067871094
2023-01-04,14.734249114990234
2023-01-05,14.250733375549316
2023-01-06,14.844141006469727
2023-01-09,15.612371444702148
2023-01-10,15.893089294433594
2023-01-11,15.984996795654297
2023-01-12,16.49448585510254
2023-01-13,16.88210105895996
2023-01-17,17.684295654296875
2023-01-18,17.359621047973633
2023-01-19,16.74823760986328
2023-01-20,17.8211612701416
2023-01-23,19.173805236816406
2023-01-24,19.2457332611084
2023-01-25,19.303678512573242
2023-01-26,19.782197952270508
2023-01-27,20.344636917114258
2023-01-30,19.142833709716797
2023-01-31,19.5174617767334
2023-02-01,20.92205810546875
2023-02-02,21.687288284301758
2023-02-03,21.07889747619629
2023-02-06,21.067909240722656
2023-02-07,22.15082550048828
2023-02-08,22.18279266357422
2023-02-09,22.314661026000977
2023-02-10,21.243730545043945
2023-02-13,21.766210556030273
2023-02-14,22.94803237915039
2023-02-15,22.741235733032227
2023-02-16,21.97999382019043
2023-02-17,21.36661148071289
2023-02-21,20.63433837890625
2023-02-22,20.733243942260742
2023-02-23,23.640331268310547
2023-02-24,23.262710571289062
2023-02-27,23.477493286132812
2023-02-28,23.192781448364258
2023-03-01,22.67530059814453
2023-03-02,23.290681838989258
2023-03-03,23.866104125976562
2023-03-06,23.530445098876953
2023-03-07,23.268659591674805
2023-03-08,24.160921096801758
2023-03-09,23.416540145874023
2023-03-10,22.945934295654297
2023-03-13,22.946931838989258
2023-03-14,24.04301643371582
2023-03-15,24.207881927490234
2023-03-16,25.519792556762695
2023-03-17,25.70363998413086
2023-03-20,25.87849235534668
2023-03-21,26.177244186401367
2023-03-22,26.44601821899414
2023-03-23,27.168420791625977
2023-03-24,26.756763458251953
2023-03-27,26.508970260620117
2023-03-28,26.38806915283203
2023-03-29,26.961591720581055
2023-03-30,27.360261917114258
2023-03-31,27.753934860229492
2023-04-03,27.9417781829834
2023-04-04,27.430206298828125
2023-04-05,26.858675003051758
2023-04-06,27.01454734802246
2023-04-10,27.55609703063965
2023-04-11,27.146438598632812
2023-04-12,26.472999572753906
2023-04-13,26.441024780273438
2023-04-14,26.735780715942383
2023-04-17,26.979578018188477
2023-04-18,27.644023895263672
2023-04-19,27.907804489135742
2023-04-20,27.081493377685547
2023-04-21,27.096479415893555
2023-04-24,27.019542694091797
2023-04-25,26.219209671020508
2023-04-26,26.933616638183594
2023-04-27,27.203392028808594
2023-04-28,27.7259578704834
2023-05-01,28.88599395751953
2023-05-02,28.18657684326172
2023-05-03,27.778915405273438
2023-05-04,27.53911781311035
2023-05-05,28.656185150146484
2023-05-08,29.12679100036621
2023-05-09,28.547273635864258
2023-05-10,28.861013412475586
2023-05-11,28.554269790649414
2023-05-12,28.31646728515625
2023-05-15,28.928955078125
2023-05-16,29.188743591308594
2023-05-17,30.152936935424805
2023-05-18,31.65169334411621
2023-05-19,31.238037109375
2023-05-22,31.150114059448242
2023-05-23,30.66251564025879
2023-05-24,30.51263999938965
2023-05-25,37.948463439941406
2023-05-26,38.913658142089844
2023-05-30,40.07769775390625
2023-05-31,37.80257797241211
2023-06-01,39.736976623535156
2023-06-02,39.29434585571289
2023-06-05,39.13847351074219
2023-06-06,38.62189483642578
2023-06-07,37.44775390625
2023-06-08,38.48200607299805
2023-06-09,38.74181365966797
2023-06-12,39.45329284667969
2023-06-13,40.99217224121094
2023-06-14,42.96574783325195
2023-06-15,42.62199401855469
2023-06-16,42.66095733642578
2023-06-20,43.776153564453125
2023-06-21,43.013702392578125
2023-06-22,42.99372100830078
2023-06-23,42.178321838378906
2023-06-26,40.60246276855469
2023-06-27,41.84555435180664
2023-06-28,41.08711624145508
2023-06-29,40.79232406616211
2023-06-30,42.271244049072266
2023-07-03,42.382164001464844
2023-07-05,42.28623580932617
2023-07-06,42.07239532470703
2023-07-07,42.47209548950195
2023-07-10,42.149330139160156
2023-07-11,42.37417221069336
2023-07-12,43.87008285522461
2023-07-13,45.943580627441406
2023-07-14,45.43593978881836
2023-07-17,46.427223205566406
2023-07-18,47.45947265625
2023-07-19,47.04277420043945
2023-07-20,45.486907958984375
2023-07-21,44.27677917480469
2023-07-24,44.579566955566406
2023-07-25,45.64579391479492
2023-07-26,45.4189567565918
2023-07-27,45.866634368896484
2023-07-28,46.71601104736328
2023-07-31,46.69502639770508
2023-08-01,46.47318649291992
2023-08-02,44.23681640625
2023-08-03,44.48263168334961
2023-08-04,44.64752197265625
2023-08-07,45.38397979736328
2023-08-08,44.631526947021484
2023-08-09,42.5230598449707
2023-08-10,42.357181549072266
2023-08-11,40.82529830932617
2023-08-14,43.72118377685547
2023-08-15,43.90805435180664
2023-08-16,43.454383850097656
2023-08-17,43.31248474121094
2023-08-18,43.26751708984375
2023-08-21,46.93285369873047
2023-08-22,45.63479995727539
2023-08-23,47.08174514770508
2023-08-24,47.12870788574219
2023-08-25,45.98454284667969
2023-08-28,46.80094909667969
2023-08-29,48.748531341552734
2023-08-30,49.22818374633789
2023-08-31,49.31911849975586
2023-09-01,48.473731994628906
2023-09-05,48.5127067565918
2023-09-06,47.030662536621094
2023-09-07,46.2111930847168
2023-09-08,45.54261779785156
2023-09-11,45.14888000488281
2023-09-12,44.841064453125
2023-09-13,45.45568084716797
2023-09-14,45.55161666870117
2023-09-15,43.87169647216797
2023-09-18,43.937660217285156
2023-09-19,43.491943359375
2023-09-20,42.211769104003906
2023-09-21,40.99055099487305
2023-09-22,41.58317947387695
2023-09-25,42.19477844238281
2023-09-26,41.88397979736328
2023-09-27,42.44062042236328
2023-09-28,43.06121826171875
2023-09-29,43.470951080322266
2023-10-02,44.75312423706055
2023-10-03,43.48894119262695
2023-10-04,44.012603759765625
2023-10-05,44.6591911315918
2023-10-06,45.73250198364258
2023-10-09,45.243812561035156
2023-10-10,45.76847457885742
2023-10-11,46.77583312988281
2023-10-12,46.914737701416016
2023-10-13,45.43169403076172
2023-10-16,46.065284729003906
2023-10-17,43.90967559814453
2023-10-18,42.16879653930664
2023-10-19,42.0738639831543
2023-10-20,41.36031723022461
2023-10-23,42.947296142578125
2023-10-24,43.63484573364258
2023-10-25,41.75206756591797
2023-10-26,40.29999923706055
2023-10-27,40.47389221191406
2023-10-30,41.134464263916016
2023-10-31,40.75371170043945
2023-11-01,42.2977180480957
2023-11-02,43.47795104980469
2023-11-03,44.975982666015625
2023-11-06,45.72150421142578
2023-11-07,45.92537307739258
2023-11-08,46.543975830078125
2023-11-09,46.91973114013672
2023-11-10,48.30384063720703
2023-11-13,48.588653564453125
2023-11-14,49.62398147583008
2023-11-15,48.856483459472656
2023-11-16,49.448097229003906
2023-11-17,49.2662239074707
2023-11-20,50.37649917602539
2023-11-21,49.911800384521484
2023-11-22,48.684593200683594
2023-11-24,47.74519729614258
2023-11-27,48.210899353027344
2023-11-28,47.79016876220703
2023-11-29,48.10896682739258
2023-11-30,46.739845275878906
2023-12-01,46.73485565185547
2023-12-04,45.48066329956055
2023-12-05,46.540069580078125
2023-12-06,45.477664947509766
2023-12-07,46.57006072998047
2023-12-08,47.479549407958984
2023-12-11,46.601036071777344
2023-12-12,47.63046646118164
2023-12-13,48.06122970581055
2023-12-14,48.32307434082031
2023-12-15,48.86277770996094
2023-12-18,50.04911422729492
2023-12-19,49.57637405395508
2023-12-20,48.08421325683594
2023-12-21,48.96272277832031
2023-12-22,48.80281066894531
2023-12-26,49.251556396484375
2023-12-27,49.389488220214844
2023-12-28,49.494422912597656
2023-12-29,49.494422912597656
2024-01-02,48.14117431640625
2024-01-03,47.542510986328125
2024-01-04,47.971275329589844
2024-01-05,49.06965255737305
2024-01-08,52.223899841308594
2024-01-09,53.110408782958984
2024-01-10,54.319740295410156
2024-01-11,54.79146957397461
2024-01-12,54.67953872680664
2024-01-16,56.350608825683594
2024-01-17,56.02179718017578
2024-01-18,57.07520294189453
2024-01-19,59.45787811279297
2024-01-22,59.620784759521484
2024-01-23,59.83966064453125
2024-01-24,61.32783126831055
2024-01-25,61.58269500732422
2024-01-26,60.997013092041016
2024-01-29,62.43021774291992
2024-01-30,62.739044189453125
2024-01-31,61.49274444580078
2024-02-01,62.99190902709961
2024-02-02,66.12316131591797
2024-02-05,69.29339599609375
2024-02-06,68.18501281738281
2024-02-07,70.0599594116211
2024-02-08,69.60222625732422
2024-02-09,72.09285736083984
2024-02-12,72.20777130126953
2024-02-13,72.08785247802734
2024-02-14,73.85885620117188
2024-02-15,72.61753845214844
2024-02-16,72.57257080078125
2024-02-20,69.41333770751953
2024-02-21,67.43444061279297
2024-02-22,78.49427032470703
2024-02-23,78.77312469482422
2024-02-26,79.0479736328125
2024-02-27,78.65717315673828
2024-02-28,77.61975860595703
2024-02-29,79.06795501708984
2024-03-01,82.23318481445312
2024-03-04,85.18953704833984
2024-03-05,85.92017364501953
2024-03-06,88.65476989746094
2024-03-07,92.62174224853516
2024-03-08,87.48336029052734
2024-03-11,85.73026275634766
2024-03-12,91.86612701416016
2024-03-13,90.84165954589844
2024-03-14,87.89915466308594
2024-03-15,87.7922134399414
2024-03-18,88.40990447998047
2024-03-19,89.3524169921875
2024-03-20,90.32592010498047
2024-03-21,91.38837432861328
2024-03-22,94.24092102050781
2024-03-25,94.95355224609375
2024-03-26,92.51380157470703
2024-03-27,90.2039794921875
2024-03-28,90.3099365234375
2024-04-01,90.31692504882812
2024-04-02,89.40637969970703
2024-04-03,88.91864013671875
2024-04-04,85.86119079589844
2024-04-05,87.96312713623047
2024-04-08,87.08856201171875
2024-04-09,85.31045532226562
2024-04-10,86.99461364746094
2024-04-11,90.56979370117188
2024-04-12,88.14103698730469
2024-04-15,85.9571304321289
2024-04-16,87.37041473388672
2024-04-17,83.99214935302734
2024-04-18,84.62781524658203
2024-04-19,76.16114044189453
2024-04-22,79.47745513916016
2024-04-23,82.38097381591797
2024-04-24,79.63638305664062
2024-04-25,82.58987426757812
2024-04-26,87.69027709960938
2024-04-29,87.7122573852539
2024-04-30,86.35795593261719
2024-05-01,82.99864959716797
2024-05-02,85.77323913574219
2024-05-03,88.74372100830078
2024-05-06,92.09300231933594
2024-05-07,90.50782012939453
2024-05-08,90.36589813232422
2024-05-09,88.70173645019531
2024-05-10,89.83216857910156
2024-05-13,90.35289764404297
2024-05-14,91.30941772460938
2024-05-15,94.58174133300781
2024-05-16,94.31088256835938
2024-05-17,92.43183898925781
2024-05-20,94.7316665649414
2024-05-21,95.33735656738281
2024-05-22,94.9015884399414
2024-05-23,103.74607849121094
2024-05-24,106.41471099853516
2024-05-28,113.8429183959961
2024-05-29,114.76644134521484
2024-05-30,110.44365692138672
2024-05-31,109.57709503173828
2024-06-03,114.94135284423828
2024-06-04,116.37762451171875
2024-06-05,122.37757110595703
2024-06-06,120.9363021850586
2024-06-07,120.82635498046875
2024-06-10,121.72789001464844
2024-06-11,120.85828399658203
2024-06-12,125.14643859863281
2024-06-13,129.55455017089844
2024-06-14,131.82359313964844
2024-06-17,130.92396545410156
2024-06-18,135.52198791503906
2024-06-20,130.72406005859375
2024-06-21,126.51583862304688
2024-06-24,118.05946350097656
2024-06-25,126.03604125976562
2024-06-26,126.3459243774414
2024-06-27,123.93695068359375
2024-06-28,123.48715209960938
2024-07-01,124.24683380126953
2024-07-02,122.61751556396484
2024-07-03,128.22511291503906
2024-07-05,125.77616882324219
2024-07-08,128.1451416015625
2024-07-09,131.3238067626953
2024-07-10,134.852294921875
2024-07-11,127.34549713134766
2024-07-12,129.18472290039062
2024-07-15,128.3850555419922
2024-07-16,126.30593872070312
2024-07-17,117.93952178955078
2024-07-18,121.0381851196289
2024-07-19,117.87954711914062
2024-07-22,123.48715209960938
2024-07-23,122.53753662109375
2024-07-24,114.20111846923828
2024-07-25,112.23196411132812
2024-07-26,113.01162719726562
2024-07-29,111.54225158691406
2024-07-30,103.68562316894531
2024-07-31,116.96992492675781
2024-08-01,109.16327667236328
2024-08-02,107.22410583496094
2024-08-05,100.40702056884766
2024-08-06,104.20539855957031
2024-08-07,98.86768341064453
2024-08-08,104.92509460449219
2024-08-09,104.70518493652344
2024-08-12,108.97335815429688
2024-08-13,116.0903091430664
2024-08-14,118.02948760986328
2024-08-15,122.80744171142578
2024-08-16,124.52670288085938
2024-08-19,129.9443817138672
2024-08-20,127.195556640625
2024-08-21,128.4450225830078
2024-08-22,123.68706512451172
2024-08-23,129.31463623046875
2024-08-26,126.40589904785156
2024-08-27,128.2451171875
2024-08-28,125.55625915527344
2024-08-29,117.53968811035156
2024-08-30,119.31893157958984
2024-09-03,107.95379638671875
2024-09-04,106.16455841064453
2024-09-05,107.16413116455078
2024-09-06,102.78601837158203
2024-09-09,106.42445373535156
2024-09-10,108.05374145507812
2024-09-11,116.8599853515625
2024-09-12,119.0992202758789
2024-09-13,119.0592269897461
2024-09-16,116.74002075195312
2024-09-17,115.55043029785156
2024-09-18,113.33119201660156
2024-09-19,117.82965087890625
2024-09-20,115.96029663085938
2024-09-23,116.22020721435547
2024-09-24,120.82862854003906
2024-09-25,123.46772003173828
2024-09-26,123.99754333496094
2024-09-27,121.35844421386719
2024-09-30,121.39842987060547
2024-10-01,116.95995330810547
2024-10-02,118.80931091308594
2024-10-03,122.80794525146484
2024-10-04,124.87722778320312
2024-10-07,127.67628479003906
2024-10-08,132.84449768066406
2024-10-09,132.60458374023438
2024-10-10,134.76385498046875
2024-10-11,134.7538604736328
2024-10-14,138.0227508544922
2024-10-15,131.55496215820312
2024-10-16,135.6735382080078
2024-10-17,136.88311767578125
2024-10-18,137.9527587890625
2024-10-21,143.6608123779297
2024-10-22,143.54086303710938
2024-10-23,139.51222229003906
2024-10-24,140.3619384765625
2024-10-25,141.49154663085938
2024-10-28,140.47190856933594
2024-10-29,141.20164489746094
2024-10-30,139.29229736328125
2024-10-31,132.71456909179688
2024-11-01,135.35365295410156
2024-11-04,136.00343322753906
2024-11-05,139.8621063232422
2024-11-06,145.56015014648438
2024-11-07,148.8290557861328
2024-11-08,147.5794677734375
2024-11-11,145.21026611328125
2024-11-12,148.23922729492188
2024-11-13,146.2199249267578
2024-11-14,146.7097625732422
2024-11-15,141.93138122558594
2024-11-18,140.1020050048828
2024-11-19,146.9596710205078
2024-11-20,145.84005737304688
2024-11-21,146.6197967529297
2024-11-22,141.9014129638672
2024-11-25,135.97344970703125
2024-11-26,136.8731231689453
2024-11-27,135.2936553955078
2024-11-29,138.2026824951172
2024-12-02,138.58255004882812
2024-12-03,140.2119903564453
2024-12-04,145.09031677246094
2024-12-05,145.0203399658203
2024-12-06,142.40106201171875
2024-12-09,138.77203369140625
2024-12-10,135.03306579589844
2024-12-11,139.2718963623047
2024-12-12,137.3024444580078
2024-12-13,134.21328735351562
2024-12-16,131.96388244628906
2024-12-17,130.35433959960938
2024-12-18,128.874755859375
2024-12-19,130.6442413330078
2024-12-20,134.6631622314453
2024-12-23,139.6317901611328
2024-12-24,140.18165588378906
2024-12-26,139.8917236328125
2024-12-27,136.9725341796875
2024-12-30,137.452392578125
2024-12-31,134.25328063964844
2025-01-02,138.2721710205078
2025-01-03,144.4304962158203
2025-01-06,149.38912963867188
2025-01-07,140.10166931152344
2025-01-08,140.07168579101562
2025-01-10,135.8728485107422
2025-01-13,133.19357299804688
2025-01-14,131.7239532470703
2025-01-15,136.2027587890625
2025-01-16,133.5334930419922
2025-01-17,137.67234802246094
2025-01-21,140.79148864746094
2025-01-22,147.02980041503906
2025-01-23,147.17974853515625
2025-01-24,142.58099365234375
2025-01-27,118.38761901855469
2025-01-28,128.95472717285156
2025-01-29,123.66616821289062
2025-01-30,124.61592102050781
2025-01-31,120.03717041015625
2025-02-03,116.62810516357422
2025-02-04,118.6175537109375
2025-02-05,124.79586791992188
2025-02-06,128.64480590820312
2025-02-07,129.8044891357422
2025-02-10,133.5334930419922
2025-02-11,132.76368713378906
2025-02-12,131.10415649414062
2025-02-13,135.25299072265625
2025-02-14,138.81202697753906
2025-02-18,139.36187744140625
2025-02-19,139.19192504882812
2025-02-20,140.07168579101562
2025-02-21,134.3932342529297
2025-02-24,130.244384765625
2025-02-25,126.59537506103516
2025-02-26,131.24411010742188
2025-02-27,120.11714935302734
2025-02-28,124.88583374023438
2025-03-03,114.02880859375
2025-03-04,115.95828247070312
2025-03-05,117.2679214477539
2025-03-06,110.53976440429688
2025-03-07,112.65918731689453
2025-03-10,106.95075225830078
2025-03-11,108.73025512695312
2025-03-12,115.718994140625
2025-03-13,115.55902862548828
2025-03-14,121.64791870117188
2025-03-17,119.50830841064453
2025-03-18,115.40904998779297
2025-03-19,117.49866485595703
2025-03-20,118.50848388671875
2025-03-21,117.67863464355469
2025-03-24,121.38796997070312
2025-03-25,120.66809844970703
2025-03-26,113.7393569946289
2025-03-27,111.40978240966797
2025-03-28,109.65010070800781
2025-03-31,108.3603286743164
2025-04-01,110.13001251220703
2025-04-02,110.39995574951172
2025-04-03,101.78153228759766
2025-04-04,94.29288482666016
2025-04-07,97.62227630615234
2025-04-08,96.28252410888672
2025-04-09,114.30924987792969
2025-04-10,107.55047607421875
2025-04-11,110.90986633300781
2025-04-14,110.68990325927734
2025-04-15,112.17963409423828
2025-04-16,104.47103881835938
2025-04-17,101.47157287597656
2025-04-21,96.89241790771484
2025-04-22,98.8720474243164
2025-04-23,102.69136047363281
2025-04-24,106.41068267822266
2025-04-25,110.98986053466797
2025-04-28,108.71027374267578
2025-04-29,109.00020599365234
2025-04-30,108.90023040771484
2025-05-01,111.5897445678711
2025-05-02,114.4792251586914
2025-05-05,113.7993392944336
2025-05-06,113.51940155029297
2025-05-07,117.03875732421875
2025-05-08,117.34870910644531
2025-05-09,116.62882995605469
2025-05-12,122.97767639160156
2025-05-13,129.9064178466797
2025-05-14,135.3154296875
2025-05-15,134.80552673339844
2025-05-16,135.37542724609375
2025-05-19,135.54539489746094
2025-05-20,134.35562133789062
2025-05-21,131.7760772705078
2025-05-22,132.80589294433594
2025-05-23,131.26617431640625
2025-05-27,135.47540283203125
2025-05-28,134.78553771972656
2025-05-29,139.1647491455078
2025-05-30,135.10548400878906
2025-06-02,137.35507202148438
2025-06-03,141.19436645507812
2025-06-04,141.8942413330078
2025-06-05,139.964599609375
2025-06-06,141.69427490234375
2025-06-09,142.6041259765625
2025-06-10,143.9338836669922
2025-06-11,142.81399536132812
2025-06-12,144.98374938964844
2025-06-13,141.95408630371094
2025-06-16,144.6737823486328
2025-06-17,144.1038360595703
2025-06-18,145.46368408203125
2025-06-20,143.83387756347656
2025-06-23,144.15383911132812
2025-06-24,147.88340759277344
2025-06-25,154.29270935058594
2025-06-26,155.00262451171875
2025-06-27,157.73231506347656
2025-06-30,157.97230529785156
2025-07-01,153.2828369140625
2025-07-02,157.2323760986328
2025-07-03,159.3221435546875
2025-07-07,158.22227478027344
2025-07-08,159.98207092285156
2025-07-09,162.86175537109375
2025-07-10,164.0816192626953
2025-07-11,164.90151977539062
2025-07-14,164.05162048339844
2025-07-15,170.6808624267578
2025-07-16,171.35079956054688
2025-07-17,172.98062133789062
2025-07-18,172.39068603515625
2025-07-21,171.36080932617188
2025-07-22,167.01129150390625
2025-07-23,170.7608642578125
2025-07-24,173.7205352783203
2025-07-25,173.48056030273438
2025-07-28,176.73019409179688
2025-07-29,175.49032592773438
2025-07-30,179.2499237060547
2025-07-31,177.85006713867188
2025-08-01,173.70053100585938
2025-08-04,179.97982788085938
2025-08-05,178.24002075195312
2025-08-06,179.39988708496094
2025-08-07,180.74974060058594
2025-08-08,182.6795196533203
2025-08-11,182.0395965576172
2025-08-12,183.1394805908203
2025-08-13,181.56964111328125
2025-08-14,181.99960327148438
2025-08-15,180.42977905273438
2025-08-18,181.98959350585938
2025-08-19,175.6203155517578
2025-08-20,175.38034057617188
2025-08-21,174.96038818359375
2025-08-22,177.97006225585938
2025-08-25,179.78985595703125
2025-08-26,181.7496337890625
2025-08-27,181.57965087890625
2025-08-28,180.14981079101562
2025-08-29,174.1604766845703
2025-09-02,170.7608642578125
2025-09-03,170.60089111328125
2025-09-04,171.64077758789062
2025-09-05,167.0012969970703
2025-09-08,168.2911376953125
2025-09-09,170.74085998535156
2025-09-10,177.3101348876953
2025-09-11,177.16014099121094
2025-09-12,177.8101043701172
2025-09-15,177.74009704589844
2025-09-16,174.87026977539062
2025-09-17,170.280517578125
2025-09-18,176.23019409179688
2025-09-19,176.66015625
2025-09-22,183.5997772216797
2025-09-23,178.42005920410156
2025-09-24,176.96014404296875
2025-09-25,177.68011474609375
2025-09-26,178.18008422851562
2025-09-29,181.8398895263672
2025-09-30,186.56961059570312
2025-10-01,187.22958374023438
2025-10-02,188.87948608398438
2025-10-03,187.6095428466797
2025-10-06,185.5296630859375
2025-10-07,185.02969360351562
2025-10-08,189.09947204589844
2025-10-09,192.5592803955078
2025-10-10,183.14981079101562
2025-10-13,188.3095245361328
2025-10-14,180.0199737548828
2025-10-15,179.8199920654297
2025-10-16,181.7998809814453
2025-10-17,183.20980834960938
2025-10-20,182.6298370361328
2025-10-21,181.14991760253906
2025-10-22,180.26995849609375
2025-10-23,182.1498565673828
2025-10-24,186.24961853027344
2025-10-27,191.47933959960938
2025-10-28,201.01881408691406
2025-10-29,207.02847290039062
2025-10-30,202.8787078857422
2025-10-31,202.47872924804688
2025-11-03,206.8684844970703
2025-11-04,198.67893981933594
2025-11-05,195.1991424560547
2025-11-06,188.0695343017578
2025-11-07,188.1395263671875
2025-11-10,199.03892517089844
2025-11-11,193.1492462158203
2025-11-12,193.78921508789062
2025-11-13,186.84959411621094
2025-11-14,190.15940856933594
2025-11-17,186.58961486816406
2025-11-18,181.3498992919922
2025-11-19,186.50961303710938
2025-11-20,180.62994384765625
2025-11-21,178.8700408935547
2025-11-24,182.5398406982422
2025-11-25,177.8101043701172
2025-11-26,180.2499542236328
2025-11-28,176.99014282226562
2025-12-01,179.9099884033203
2025-12-02,181.4499053955078
2025-12-03,179.5800018310547
2025-12-04,183.3800048828125
2025-12-05,182.41000366210938
2025-12-08,185.5500030517578
2025-12-09,184.97000122070312
2025-12-10,183.77999877929688
2025-12-11,180.92999267578125
2025-12-12,175.02000427246094
2025-12-15,176.2899932861328
2025-12-16,177.72000122070312
2025-12-17,170.94000244140625
2025-12-18,174.13999938964844
2025-12-19,180.99000549316406
2025-12-22,183.69000244140625
2025-12-23,189.2100067138672
2025-12-24,188.61000061035156
2025-12-26,190.52999877929688
2025-12-29,188.22000122070312
2025-12-30,187.5399932861328
2025-12-31,186.5
